fiscal_year,agency_id,agency_code,agency_name,agency_slug,obligations,real_multiplier,obligations_real,competed_obligations,not_competed_obligations,competed_share,fixed_price_share,cost_reimbursement_share,labor_hour_share,government_risk_share,government_risk_obligations,setaside_obligations,setaside_share,september_obligations,september_share,q4_share,surge_ratio,september_excess_obligations,vendor_hhi,hhi_normalized,vendor_hhi_class,vendor_gini,vendor_cr1,vendor_cr4,vendor_cr10,vendor_coverage_share,vendors_observed,prior_year,change_abs,change_pct,prior_year_real,change_abs_real,change_pct_real,real_growth_robust_z,real_growth_iqr_upper,real_growth_iqr_lower,real_growth_is_high_outlier,real_growth_is_low_outlier,real_growth_is_outlier,is_material
2021,1173,DOD,Department of Defense,department-of-defense,386919041538.61,1.1790193290922537,456185028767.8698,205880134821.15,181038896717.46,0.5321013391418188,0.6968009373630579,0.29627155991322945,0.006927502723712699,0.30319906263694213,117313487678.9,22876323715.54,0.05912431609612889,57434685369.44,0.14844109284734877,0.29004613739709506,1.9174856931278979,25191431907.88917,57.34911536792169,-0.004308170164856395,unconcentrated,0.4702348878183944,0.03442059839831124,0.1029705462913598,0.1965205642591574,0.5052141026577616,100.0,,,,,,,,,,False,False,False,True
2021,561,VA,Department of Veterans Affairs,department-of-veterans-affairs,47672640624.28,1.1790193290922537,56206964764.89472,42646186783.53,5026462471.75,0.8945629716352864,0.9752303260994819,0.0019417601021843559,0.022827913798333595,0.02476967390051795,1180835762.24,5762681384.24,0.12088026399999809,15451997101.96,0.32412714923305913,0.4889421018907958,5.275250570455441,11479277049.936666,809.8078953075358,0.0716977672027814,unconcentrated,0.7724970426805122,0.18572251653688884,0.504528518633391,0.5796293008264074,0.7746367491066104,100.0,,,,,,,,,,False,False,False,True
2021,930,DOE,Department of Energy,department-of-energy,37721319442.61,1.1790193290922537,44474164741.70063,36582202990.42,1139069165.590004,0.9698030023781019,0.03182710987051837,0.941833419450526,0.026339470678955746,0.9681728901294817,36521286590.090004,726050911.24,0.01924776020479954,1508355506.06,0.039986817225596875,0.1424252777420415,0.4581759890113183,0.0,509.7078277560168,0.04138462906626432,unconcentrated,0.7776003367852942,0.11308666216620666,0.36013762431874363,0.6224420100156343,0.978231347343528,100.0,,,,,,,,,,False,False,False,True
2021,806,HHS,Department of Health and Human Services,department-of-health-and-human-services,34263471655.44,1.1790193290922537,40397295363.56832,23314771517.44,10982235319.41,0.6797902694059509,0.611272033925741,0.2476703909914368,0.14102952691059747,0.3886999179020343,13318248891.630001,2847840607.91,0.08311593864592672,7019709936.78,0.20487445076703087,0.4288800507074972,2.8342932265367775,4164420632.16,88.37518892480644,-0.0011742233409286426,unconcentrated,0.4785625487222729,0.04364978199086097,0.13420512565485826,0.23584711763809232,0.6195830977390018,100.0,,,,,,,,,,False,False,False,True
2021,766,DHS,Department of Homeland Security,department-of-homeland-security,19737215494.56,1.1790193290922537,23270558570.54537,16586225892.34,3155441768.880001,0.8401633629423078,0.7402435429350354,0.06503955920468406,0.19471689786028057,0.2597564570649646,5126870150.9,2679465168.52,0.1357570002343298,4742250044.44,0.2402694567400891,0.41556450712415194,3.4788176513219335,3097482086.5599995,56.13601622224603,-0.004430705432096361,unconcentrated,0.3617002940086218,0.02139007857194253,0.07809360541383506,0.17062750266004914,0.5970406036407668,100.0,,,,,,,,,,False,False,False,True
2021,614,GSA,General Services Administration,general-services-administration,17711119388.86,1.1790193290922537,20881752099.326523,16195370612.52,1514694189.5599976,0.9144726907276984,0.5038398974743955,0.3762187927715669,0.11994130975403769,0.4961601025256045,8787550811.82,980486294.17,0.05535992800018668,3363353191.82,0.18990065607798304,0.3596512017973587,2.578581543770389,1887426576.0816667,164.9055628445702,0.0065561174590474955,unconcentrated,0.527582769386371,0.08941519151613224,0.19843375613460953,0.3041505491498317,0.697235157680502,100.0,,,,,,,,,,False,False,False,True
2021,862,NASA,National Aeronautics and Space Administration,national-aeronautics-and-space-administration,15011177490.64,1.1790193290922537,17698468413.899113,9913423844.380001,5097753646.259998,0.6604028132077828,0.283346448496693,0.7130429077959111,0.003610190975549266,0.7166530987714603,10757809860.550001,1372026987.0,0.09140035735740966,1817215290.81,0.1210574781320851,0.3302249015775681,1.515039068337452,566283833.2566667,419.8182702285073,0.0323048757806573,unconcentrated,0.6474596086278013,0.1500590856623042,0.3416798893796389,0.4889451943870844,0.8661957217978131,100.0,,,,,,,,,,False,False,False,True
2021,95,USDA,Department of Agriculture,department-of-agriculture,9729368981.37,1.1790193290922537,11471114088.905842,8826057601.97,903517172.8500004,0.9071370338621283,0.9825908141709926,0.0030976002856599105,0.01431158554334742,0.017409185829007332,169380904.62,1592822984.99,0.16371287675901394,1481812652.71,0.1523030584560423,0.3472763844129829,1.9763355993299765,671031904.2624999,42.06064489095076,-0.005852460112025176,unconcentrated,0.3213374900646566,0.023066645241816976,0.07212521358925666,0.14012996949243278,0.5360970218137977,100.0,,,,,,,,,,False,False,False,True
2021,456,TREAS,Department of the Treasury,department-of-the-treasury,9566790307.66,1.1790193290922537,11279430690.103569,8897638965.94,669156878.4200001,0.930054232440374,0.9247309498916363,0.0208977632567439,0.05437128685161992,0.07526905010836381,720107152.53,728195671.39,0.07611703068341986,1655301316.25,0.1730257759412394,0.32721769124734684,2.3015028521836927,858068790.6116667,432.32028493937503,0.033567705549431816,unconcentrated,0.7163742554511514,0.12117574315617578,0.3463119516633756,0.5297786137218766,0.8565372256156721,100.0,,,,,,,,,,False,False,False,True
2021,315,DOS,Department of State,department-of-state,9548352930.6,1.1790193290922537,11257692666.172068,7626808282.610001,1921360923.3500004,0.7987717978279354,0.5461971881425226,0.11613309397390696,0.3376697178835703,0.4538028118574773,4333258402.11,723041082.0,0.07572416805864396,3519200274.43,0.36856621241469556,0.5257357316131966,6.420670569539231,2723504196.88,140.81990961301528,0.004123223193233867,unconcentrated,0.5158987575315466,0.04739195305818726,0.15382145400732553,0.3069752777179566,0.775220286111153,100.0,,,,,,,,,,False,False,False,True
2021,252,DOJ,Department of Justice,department-of-justice,9138040185.21,1.1790193290922537,10773926008.384346,7668537686.87,1453373717.4700003,0.8406722392876435,0.7150213247239999,0.021281494424236973,0.2601884030722678,0.2814698974965048,2572083234.25,759203296.57,0.08308163251446163,1432009518.46,0.15670860375266465,0.30392375806302896,2.0441269162121585,670506169.6925001,66.73543234513254,-0.003360057338875501,unconcentrated,0.41359348832149867,0.031045938261375725,0.09152620154742508,0.18859268299118293,0.6195566582474918,100.0,,,,,,,,,,False,False,False,True
2021,731,DOT,Department of Transportation,department-of-transportation,6972039767.94,1.1790193290922537,8220169649.6011305,5997360711.84,979415558.79,0.859617748828635,0.5977219786928963,0.16717698088589206,0.2351010404212116,0.40227802130710366,2804698574.7,856681745.13,0.12287390399999401,1065895860.18,0.15288149460669756,0.30535923566870876,1.9851962033256378,484892546.18499994,180.52213643172698,0.008133549134517875,unconcentrated,0.526240629727456,0.09907369053261895,0.20443427443488818,0.30726654663402314,0.6859352713923241,100.0,,,,,,,,,,False,False,False,True
2021,801,USAID,Agency for International Development,agency-for-international-development,5483556602.03,1.1790193290922537,6465219225.964808,5264666455.63,221903121.48999977,0.9595552159922702,0.13542828008975807,0.7818862697983224,0.0826854501119195,0.864571719910242,4748961089.97,339795081.8,0.06196618480681109,1262882899.61,0.23030361337794591,0.41047310962683226,3.291349408921361,805919849.4408333,1004.0819657103114,0.09132141067780923,unconcentrated,0.6899933611700337,0.2943834950080394,0.4595523084611015,0.5743008305037225,0.9108141735677621,100.0,,,,,,,,,,False,False,False,True
2021,209,DOI,Department of the Interior,department-of-the-interior,5082951629.48,1.1790193290922537,5992898219.997887,4407252018.78,675706412.5500002,0.8670643441848499,0.7741202761078979,0.024851994564142523,0.2010277293279596,0.22587972389210215,1148137958.1000001,1350524895.15,0.26569697954968785,1655575648.46,0.3257114702524466,0.5261336913830891,5.31349120549075,1231996346.0033333,27.83337122498619,-0.007289558462122607,unconcentrated,0.32221704693879993,0.02604982717758932,0.07030512480925549,0.11483558034757739,0.40693924234758233,100.0,,,,,,,,,,False,False,False,True
2021,183,DOC,Department of Commerce,department-of-commerce,4534073909.07,1.1790193290922537,5345760778.326404,3567580121.55,966781443.7799997,0.7867877473265324,0.5660211297096193,0.11112986951450413,0.3228490007758765,0.4339788702903806,1967894868.59,1081239451.35,0.23846974553879224,960550894.46,0.21185161815260795,0.39471990539895935,2.95676277887723,582711402.0375001,95.39043501628342,-0.00046561262461783674,unconcentrated,0.4312177533345154,0.03863076465728073,0.14212713932847607,0.24624183116349,0.6725063184524557,100.0,,,,,,,,,,False,False,False,True
2021,1068,ED,Department of Education,department-of-education,2687507868.02,1.1790193290922537,3168623723.4830937,2555632623.11,131878302.11000013,0.9509292033485577,0.9105272066948226,0.0774115230429342,0.01206127026224323,0.0894727933051774,240465773.19,562089220.42,0.20914886505397087,390720827.56,0.1453840683442763,0.23810107058084265,1.8712788897917203,166761838.55833334,389.36531483234234,0.029228819680034577,unconcentrated,0.6815474082522428,0.1046355388820418,0.32407191893792014,0.5112651766866474,0.9602563859362045,100.0,,,,,,,,,,False,False,False,True
2021,267,DOL,Department of Labor,department-of-labor,2365144389.9,1.1790193290922537,2788550951.786206,2246596625.46,118722408.62999964,0.949807020990014,0.4965915768124328,0.29495154459436224,0.20845687859320483,0.5034084231875671,1190710689.35,653554812.34,0.27632765895008754,349597733.67,0.14781242750459783,0.3530491652880884,1.9079563643359143,152502367.845,317.44111900534335,0.021963749394479124,unconcentrated,0.5855192826915994,0.11375891378089432,0.29380372551773903,0.45174028378249415,0.8813513951417297,100.0,,,,,,,,,,False,False,False,True
2021,539,SSA,Social Security Administration,social-security-administration,1715484075.97,1.1790193290922537,2022588884.3185942,1609002761.69,106481314.27999997,0.9379292901802126,0.7076043058608034,0.026660523873172026,0.2657351702660246,0.29239569413919664,501819235.76,35356560.68,0.020610252916517486,677817307.25,0.395117224779097,0.4741149080792887,7.185341773011809,534860300.9191667,397.6438204292218,0.03006503236658806,unconcentrated,0.6617805570467994,0.13211822151822966,0.3111615048004298,0.4922884430812802,0.9098796226058915,100.0,,,,,,,,,,False,False,False,True
2021,700,EPA,Environmental Protection Agency,environmental-protection-agency,1180500602.49,1.1790193290922537,1391833028.3407612,1064937651.2900001,120264020.23999989,0.89852864442492,0.4172415461723578,0.12065059464087281,0.46210785918676944,0.5827584538276422,689613631.6800001,135790366.92,0.11502778281822204,256735252.84,0.21747998459168494,0.40546842692022655,3.0571484222806173,158360202.6325,167.76796181279954,0.006845248667959548,unconcentrated,0.4832354648886765,0.07052598091385155,0.19078949869651413,0.31200646355715855,0.8329092705383258,100.0,,,,,,,,,,False,False,False,True
2021,803,SBA,Small Business Administration,small-business-administration,1153700308.19,1.1790193290922537,1360234963.3357003,626395872.18,527304436.0100001,0.5429450505762025,0.5445446362397585,0.0008963371856959768,0.45455902657454544,0.4554553637602414,525463827.17999995,89562150.16,0.07763034258048428,323748601.43,0.280617591181819,0.46339561337965324,4.290893779389281,227606909.08083332,1644.3478866670264,0.15599473602697236,moderately concentrated,0.862098725566729,0.251907142805528,0.7660630962962766,0.8389716877847928,0.9874534964433622,100.0,,,,,,,,,,False,False,False,True
2021,882,HUD,Department of Housing and Urban Development,department-of-housing-and-urban-development,672588364.17,1.1790193290922537,792994681.8789698,136417393.59,825052556.92,0.1418841987912769,0.029012336941905283,0.001379555405608569,0.9696081076524861,0.9709876630580947,660538665.1800001,95702645.25,0.14229006974882885,0.0,0.0,0.688330637807226,0.0,0.0,4265.448043562117,0.4207523276325371,highly concentrated,0.7752728536724576,0.45357706680886306,1.04744166787568,1.2648483617610962,1.7434449281129918,100.0,,,,,,,,,,False,False,False,True
2021,680,SEC,Securities and Exchange Commission,securities-and-exchange-commission,551036296.54,1.1790193290922537,649682444.6520709,464028867.5,87007429.03999996,0.8421021816778197,0.5317760840800239,0.0007259049948463128,0.4674980109251298,0.46822391591997614,258008372.57999998,158595271.12,0.287812748662533,128834580.15,0.2331294729646164,0.39073239618021605,3.3440119449165597,82781994.5375,,,,,,,,,,,,,,,,,,,False,False,False,False
2021,655,NSF,National Science Foundation,national-science-foundation,498099057.82,1.1790193290922537,587268416.9724201,439589680.02,58538890.59000003,0.8824823669152037,0.16163274410186473,0.4916207373523917,0.34674651854574345,0.8383672558981351,417589940.27,57810483.31,0.11606222176571794,67833671.61,0.13616947285717781,0.38770606812533387,1.7339792405615058,26320652.21666666,,,,,,,,,,,,,,,,,,,False,False,False,False
2021,503,OPM,Office of Personnel Management,office-of-personnel-management,472127822.86,1.1790193290922537,556647828.9541836,346895918.34,129926174.24000001,0.7275164547494172,0.985397622749604,0.000961281000725794,0.01364109624967018,0.014602377250395975,6909295.48,71374047.38,0.15117526213057883,113166571.3,0.23969477294193964,0.35367471327677813,3.4678737019389057,73822586.06166667,,,,,,,,,,,,,,,,,,,False,False,False,False
2021,555,SI,Smithsonian Institution,,389099416.03,1.1790193290922537,458755732.43787825,296099371.64,93000044.38999999,0.7609864200288864,0.9472452625361499,0.003193369377619931,0.049561368086230066,0.052754737463849996,20526837.54,13813541.98,0.03550131768621046,86860063.36,0.22323359990163286,0.4206857089124479,3.161271649503629,54435112.02416667,,,,,,,,,,,,,,,,,,,False,False,False,False
2021,308,PBGC,Pension Benefit Guaranty Corporation,pension-benefit-guaranty-corporation,375800000.18,1.1790193290922537,443075464.0850924,341296288.66999996,34503711.51000005,0.908185972609171,0.5990472747601795,0.0733077189015663,0.32764500633825416,0.40095272523982045,150743361.1,13385694.17,0.035619196816361214,66142115.21,0.17600349967620907,0.38396651761811074,2.349571261137068,34825448.528333336,,,,,,,,,,,,,,,,,,,False,False,False,False
2021,538,FCC,Federal Communications Commission,federal-communications-commission,345770903.64,1.1790193290922537,407670578.8292551,174228645.44,171542258.2,0.5038846346117037,0.9227440283180214,0.030660448978474145,0.046595522703504456,0.0772559716819786,26796208.560000002,29453313.34,0.0851815841932882,13266379.65,0.038367541948562324,0.13705798406143763,0.43888177640069886,0.0,,,,,,,,,,,,,,,,,,,False,False,False,False
2021,925,NARA,National Archives and Records Administration,national-archives-and-records-administration,167344571.84,1.1790193290922537,197302484.81802726,136324979.72,31019592.120000005,0.8146364009365169,0.8872029743632943,0.0,0.11279702563670559,0.11279702563670559,18875969.96,11952564.19,0.07142486940913732,31129744.72,0.18602183732474747,0.35336268711803825,2.5138760527026536,17184363.733333334,,,,,,,,,,,,,,,,,,,False,False,False,False
2021,1163,USAGM,U.S. Agency for Global Media,us-agency-for-global-media,165534334.8,1.1790193290922537,195168180.35762852,120405221.77000001,45129113.03,0.7273730970404093,0.9652681221877843,0.0,0.03473187781221568,0.03473187781221568,5749318.290000001,13341285.23,0.08059527496890029,36670217.0,0.2215263500729638,0.43977730781928387,3.130214941804382,22875689.1,,,,,,,,,,,,,,,,,,,False,False,False,False
2021,554,NRC,Nuclear Regulatory Commission,nuclear-regulatory-commission,161612296.98,1.1790193290922537,190544021.95841765,127801811.57,33852159.30000001,0.7905887549943115,0.6259057554303802,0.05705373161401992,0.31704051295559993,0.3740942445696198,60505221.66,23450931.07,0.14510610583613032,27812209.19,0.17209215950591833,0.4179324240924479,2.286502992211527,14344517.775000002,,,,,,,,,,,,,,,,,,,False,False,False,False
2021,1158,CFPB,Consumer Financial Protection Bureau,consumer-financial-protection-bureau,118062293.09,1.1790193290922537,139197725.59006482,100859972.63,17202320.46000001,0.8542945422304603,0.5194626210016805,0.0,0.48053737899831944,0.48053737899831944,56733344.88,13534242.17,0.11463645009573649,15832788.47,0.13410537823393381,0.23332857290007425,1.7036243481505386,5994264.045833334,,,,,,,,,,,,,,,,,,,False,False,False,False
2021,89,PC,Peace Corps,peace-corps,109674776.85,1.1790193290922537,129308681.82002963,105472082.59,4309469.779999986,0.9607450460759048,0.8522663284437906,0.0,0.14773367155620942,0.14773367155620942,16227247.88,4929807.01,0.0449493233685116,10560649.37,0.09629059364676432,0.19833876609326684,1.172054338118061,1421084.6333333328,,,,,,,,,,,,,,,,,,,False,False,False,False
2021,11,GAO,Government Accountability Office,government-accountability-office,108923821.36,1.1790193290922537,128423290.7820317,106439560.19999999,2516237.120000005,0.976905890444637,0.9150778780123201,0.0,0.08492212198767997,0.08492212198767997,9255929.44,698016.16,0.0064082966543472,28049934.09,0.2575188213172693,0.3524501785804772,3.8151903587853844,18972948.976666667,,,,,,,,,,,,,,,,,,,False,False,False,False
2021,1154,MCC,Millennium Challenge Corporation,millennium-challenge-corporation,97838505.22,1.1790193290922537,115353488.78387336,92414894.92,5423610.299999997,0.9445656872229962,0.2478371709661895,0.01838991173311147,0.7337729173006989,0.7521628290338104,73615171.55,5888334.35,0.060184222323915015,28647873.77,0.2928077621952859,0.47995881615739183,4.554469367687783,20494665.001666665,,,,,,,,,,,,,,,,,,,False,False,False,False
2021,552,FTC,Federal Trade Commission,federal-trade-commission,83807831.23,1.1790193290922537,98811052.94947143,71733368.73,12074462.5,0.8559267991691234,0.5791545880335984,0.0,0.42084541196640146,0.42084541196640146,35270141.26,9647045.16,0.1151091135328977,10242206.07,0.12221060871855233,0.32931005080251613,1.531479770952306,3258220.1341666663,,,,,,,,,,,,,,,,,,,False,False,False,False
2021,1129,CFTC,Commodity Futures Trading Commission,commodity-futures-trading-commission,77535243.95,1.1790193290922537,91415551.30293323,63419887.66,14115356.290000007,0.8179491600090593,0.5115469052445021,0.0,0.4884530947554979,0.4884530947554979,37872329.86,10937145.95,0.1410603151910248,8697425.33,0.11217383072411162,0.4150811277611257,1.3898127591481193,2236155.0008333335,,,,,,,,,,,,,,,,,,,False,False,False,False
2021,48,EOP,Executive Office of the President,executive-office-of-the-president,65906003.4,1.1790193290922537,77704451.91181979,45961186.83,19944816.57,0.6973748135059878,0.7509207460490858,0.008334404581828702,0.24074484936908552,0.24907925395091424,16557467.36,9291227.25,0.14097694854305184,7954352.09,0.12069237519567148,0.3565318882619425,1.5098426190126797,2462185.1399999997,,,,,,,,,,,,,,,,,,,False,False,False,False
2021,611,EEOC,Equal Employment Opportunity Commission,equal-employment-opportunity-commission,62107758.05,1.1790193290922537,73226247.22753501,30512615.450000003,31595142.6,0.4912850891419353,0.9061335964151868,0.0,0.09386640358481335,0.09386640358481335,5829904.16,386577.31,0.006224299864258263,16214420.13,0.26106850371745427,0.7980727211938415,3.88635963595998,11038760.645,,,,,,,,,,,,,,,,,,,False,False,False,False
2021,693,RRB,Railroad Retirement Board,railroad-retirement-board,55639217.62,1.1790193290922537,65599713.0295503,53956976.54,1682241.0799999982,0.9697651916766834,0.58773768717131,0.3493280704043085,0.06293424242438152,0.41226231282868997,22937952.54,2757999.81,0.049569349246359876,6794798.85,0.12212247297232934,0.246524221164992,1.5302216554556822,2158197.381666667,,,,,,,,,,,,,,,,,,,False,False,False,False
2021,1522,DFC,U.S. International Development Finance Corporation,us-international-development-finance-corporation,41296083.24,1.1790193290922537,48688880.35576267,35548312.53,5747770.710000001,0.8608155965640677,0.5247871253080125,0.014044915510006608,0.4611679591819807,0.47521287469198736,19624430.43,6869562.46,0.1663490074851951,15268426.18,0.3697306132221948,0.5823237322591178,6.452854653526006,11827085.91,,,,,,,,,,,,,,,,,,,False,False,False,False
2021,694,CPSC,Consumer Product Safety Commission,consumer-product-safety-commission,41017848.16,1.1790193290922537,48360835.81841113,26112916.25,14904931.909999996,0.6366232608824403,1.0,0.0,0.0,0.0,0.0,6299556.1,0.1535808527894263,18026553.51,0.4394807216527568,0.6403271865346923,8.624659534342491,14608399.496666668,,,,,,,,,,,,,,,,,,,False,False,False,False
2021,1166,CNCS,Corporation for National and Community Service,corporation-for-national-and-community-service,37964930.5,1.1790193290922537,44761386.88714404,28659910.58,9305019.920000002,0.7549048609479213,0.9097880864025287,0.0,0.09021191359747122,0.09021191359747122,3424889.03,3907154.17,0.10291482477493274,13722430.86,0.3608544883689628,0.5764003156382042,6.210478364979938,10553464.0275,,,,,,,,,,,,,,,,,,,False,False,False,False
2021,1528,CSOSA,Court Services and Offender Supervision Agency,court-services-and-offender-supervision-agency,37638930.0,1.1790193290922537,44377025.9963503,27328902.06,10310027.940000001,0.7260807376830318,0.7805568728972901,0.0,0.21944312710270988,0.21944312710270988,8259604.5,12246430.08,0.32536605264814916,19604488.43,0.4693291212912884,0.6589333245136897,9.728478688648687,16123546.6025,,,,,,,,,,,,,,,,,,,False,False,False,False
2021,559,NGA,National Gallery of Art,,37071698.79,1.1790193290922537,43708249.43569591,29866984.7,7204714.09,0.8056546010795854,0.8407366858625688,0.0,0.15926331413743125,0.15926331413743125,5904161.61,103339.34,0.002787553399842457,4573566.88,0.12337084701480441,0.3324863778113364,1.5480654647881265,1484258.6475,,,,,,,,,,,,,,,,,,,False,False,False,False
2021,878,EXIM,Export-Import Bank of the United States,export-import-bank-of-the-united-states,32275911.35,1.1790193290922537,38053923.345718056,29478826.23,4632080.23,0.8642053023295705,0.8216640246774201,0.0,0.17833597532258003,0.17833597532258003,6336522.82,8987364.03,0.27845422961232663,14469251.99,0.33319961827295563,0.5233877652074268,5.496691215907047,10850487.342500001,,,,,,,,,,,,,,,,,,,False,False,False,False
2021,1523,DC COURTS,District of Columbia Courts,district-of-columbia-courts,31201876.44,1.1790193290922537,36787615.4267082,21438363.58,9763512.860000003,0.6870857149000362,1.0,0.0,0.0,0.0,0.0,0.0,0.0,16646602.52,0.5335128658691657,0.6648617906006937,12.580500286455619,14046446.15,,,,,,,,,,,,,,,,,,,False,False,False,False
2021,697,NLRB,National Labor Relations Board,national-labor-relations-board,18543941.57,1.1790193290922537,21863665.548587356,9132487.34,9411454.23,0.4924782202061263,1.0,0.0,0.0,0.0,0.0,1271189.13,0.06855010436705124,6753096.04,0.3641672410640582,0.5821322289681912,6.300146690158529,5207767.575833334,,,,,,,,,,,,,,,,,,,False,False,False,False
2021,90,USTDA,United States Trade and Development Agency,united-states-trade-and-development-agency,18174814.07,1.1790193290922537,21428457.091187853,14780918.899999999,3393895.170000002,0.8132638299941628,1.0,0.0,0.0,0.0,0.0,6696216.86,0.3684338576565147,7377124.68,0.39019791173224994,0.6951178735598287,7.038639439965568,5801615.505,,,,,,,,,,,,,,,,,,,False,False,False,False
2021,1130,NTSB,National Transportation Safety Board,national-transportation-safety-board,16169376.8,1.1790193290922537,19064007.786575854,14283924.87,1885451.9300000016,0.8833936549737649,0.5446555825206572,0.0,0.4553444174793428,0.4553444174793428,7362635.46,310364.71,0.019194599386168056,8036735.12,0.4970343148908497,0.7686437859497467,10.870279276831488,6689287.053333334,,,,,,,,,,,,,,,,,,,False,False,False,False
2021,560,USITC,International Trade Commission,international-trade-commission,13568525.05,1.1790193290922537,15997553.30122244,10436553.17,3131971.880000001,0.7691737408112755,0.9318780466857007,0.0,0.06812195331429925,0.06812195331429925,924314.4299999999,3899010.86,0.2873570152711624,5047508.05,0.3720012331038147,0.5523214433686733,6.515957960182452,3916797.6291666664,,,,,,,,,,,,,,,,,,,False,False,False,False
2021,1128,FEC,Federal Election Commission,federal-election-commission,11332122.61,1.1790193290922537,13360791.596833358,9948409.42,1383713.1899999995,0.8778946153672088,0.9908931447751076,0.0,0.009106855224892418,0.009106855224892418,103200.0,0.0,0.0,2774582.14,0.2448422273115522,0.5610198423364924,3.5664924573824424,1830238.5891666668,,,,,,,,,,,,,,,,,,,False,False,False,False
2021,1137,DNFSB,Defense Nuclear Facilities Safety Board,defense-nuclear-facilities-safety-board,6503831.58,1.1790193290922537,7668143.145980612,1894083.83,4609747.75,0.29122584229033804,1.0,0.0,0.0,0.0,0.0,1148973.29,0.17666098450845802,2634753.8,0.3995610089920395,0.5693511708777458,7.319929526119273,2085243.683333333,,,,,,,,,,,,,,,,,,,False,False,False,False
2021,1474,IMLS,Institute of Museum and Library Services,institute-of-museum-and-library-services,5992439.2,1.1790193290922537,7065201.645210122,5326374.9,666064.2999999998,0.8888492185285751,0.9959588058899287,0.0,0.004041194110071237,0.004041194110071237,24216.61,1759393.84,0.29360228469235033,3736553.73,0.6213189902503224,0.7999205245251639,18.048195491163963,3235394.933333333,,,,,,,,,,,,,,,,,,,False,False,False,False
2021,1067,SSS,Selective Service System,selective-service-system,5384604.07,1.1790193290922537,6348552.278038819,5334954.07,49650.0,0.9907792663388898,0.9907155476335701,0.0,0.00928445236642998,0.00928445236642998,49993.1,0.0,0.0,280936.22,0.05217397906100828,0.35353077501202423,0.550459450451894,0.0,,,,,,,,,,,,,,,,,,,False,False,False,False
2021,1125,FMCS,Federal Mediation and Conciliation Service,federal-mediation-and-conciliation-service,4361528.01,1.1790193290922537,5142325.828167272,3203794.16,1157733.8499999996,0.7345577404649065,0.7910136360674204,0.0,0.2089863639325797,0.2089863639325797,911499.88,1491668.41,0.3420059223693946,1002125.25,0.22976471725100764,0.5762811299703198,3.2813504475420507,638664.5825,,,,,,,,,,,,,,,,,,,False,False,False,False
2021,610,MSPB,Merit Systems Protection Board,merit-systems-protection-board,3911967.34,1.1790193290922537,4612285.108637609,2350119.8200000003,1561847.52,0.6007513907311915,1.0,0.0,0.0,0.0,0.0,-4006.68,-0.0010242110047881943,1346175.35,0.34411722619340684,0.628403040297366,5.7712896866592835,1020178.0716666668,,,,,,,,,,,,,,,,,,,False,False,False,False
2021,1127,FMSHRC,Federal Mine Safety and Health Review Commission,federal-mine-safety-and-health-review-commission,3904432.29,1.1790193290922537,4603401.139041931,0.0,3904432.29,0.0,0.0,1.0,0.0,1.0,3904432.29,0.0,0.0,1385894.82,0.3549542461139722,0.5097029432670735,6.053053886071426,1060525.4625000001,,,,,,,,,,,,,,,,,,,False,False,False,False
2021,699,FMC,Federal Maritime Commission,federal-maritime-commission,3436146.63,1.1790193290922537,4051283.2943652086,1198806.84,2237339.79,0.3488811651789144,0.9072353715313888,0.0,0.09276462846861122,0.09276462846861122,319116.27,89009.02,0.025903731587845542,1896321.48,0.538483042895923,0.6527052219243855,11.667676227430343,1602854.8758333332,,,,,,,,,,,,,,,,,,,False,False,False,False
2021,1139,ABILITYONE,Committee for Purchase from People Who Are Blind or Severely Disabled,committee-for-purchase-from-people-who-are-blind-or-severely-disabled,3110600.97,1.1790193290922537,3667458.668723114,1481005.63,1629595.3399999999,0.4761155944730513,1.0,0.0,0.0,0.0,0.0,1220600.52,0.3924002248350099,494752.01,0.15905351241499804,0.16822327101633996,1.5130904499929538,235535.26249999998,,,,,,,,,,,,,,,,,,,False,False,False,False
2021,687,NEA,National Endowment for the Arts,national-endowment-for-the-arts,3017302.25,1.1790193290922537,3557457.6744635478,2666666.73,350635.52,0.883791714933431,0.8331290012460635,0.0,0.16687099875393657,0.16687099875393657,503500.24,1970344.76,0.6530153749098222,1366367.8,0.43871159709711594,0.6006775672435845,8.597768176056997,1106826.0325,,,,,,,,,,,,,,,,,,,False,False,False,False
2021,558,KENNEDY CENTER,John F. Kennedy Center for the Performing Arts,john-f-kennedy-center-for-the-performing-arts,2736805.34,1.1790193290922537,3226746.395822897,2734515.2800000003,2290.05999999959,0.9991632360670564,1.0,0.0,0.0,0.0,0.0,0.0,0.0,0.0,0.0,0.0,0.0,0.0,,,,,,,,,,,,,,,,,,,False,False,False,False
2021,1475,NEH,National Endowment for the Humanities,national-endowment-for-the-humanities,2309034.16,1.1790193290922537,2722395.9061742956,2328257.67,42070.189999999944,0.9822513202878188,0.9655342647680881,0.0,0.034465735231911855,0.034465735231911855,79582.56,290023.81,0.12560394948856018,776762.3,0.3040849683450114,0.3040849683450114,4.806527377114384,563893.535,,,,,,,,,,,,,,,,,,,False,False,False,False
2021,685,FLRA,Federal Labor Relations Authority,federal-labor-relations-authority,2220555.37,1.1790193290922537,2618077.7025496014,1954806.25,265749.1200000001,0.8803231283532461,0.8390312059635784,0.0,0.16096879403642161,0.16096879403642161,357440.12,551684.34,0.2484443069753311,798047.1,0.3588184180983047,0.4882398606496261,6.155826540392576,612705.6525,,,,,,,,,,,,,,,,,,,False,False,False,False
2021,1132,CIGIE,Council of the Inspectors General on Integrity and Efficiency,council-of-the-inspectors-general-on-integrity-and-efficiency,1561106.08,1.1790193290922537,1840574.2430834381,1561106.08,0.0,1.0,1.0,0.0,0.0,0.0,0.0,0.0,0.0,147180.2,0.09427943551408115,0.15287699090890736,1.040932923584368,17088.026666666672,,,,,,,,,,,,,,,,,,,False,False,False,False
2021,1135,OSHRC,Occupational Safety and Health Review Commission,occupational-safety-and-health-review-commission,993368.68,1.1790193290922537,1171200.8746348578,994005.15,0.0,1.0,1.0,0.0,0.0,0.0,0.0,0.0,0.0,816965.69,0.7089050280745123,0.889821622632878,21.91774461258558,720929.59,,,,,,,,,,,,,,,,,,,False,False,False,False
2021,1153,FHFA,Federal Housing Finance Agency,,982492.83,1.1790193290922537,1158378.0372645496,982492.83,0.0,1.0,0.6896282693482862,0.0,0.31037173065171375,0.31037173065171375,304938.0,304938.0,0.31037173065171375,302250.0,0.2859378652714324,0.8589373197994266,2.0021917657076465,214162.68083333335,,,,,,,,,,,,,,,,,,,False,False,False,False
2021,1155,UDALL,Morris K. Udall and Stewart L. Udall Foundation,morris-k-udall-and-stewart-l-udall-foundation,220917.64,1.1790193290922537,260466.16769744403,0.0,220917.64,0.0,1.0,0.0,0.0,0.0,0.0,11400.0,0.05160294125901399,59355.64,0.2686776845887001,0.47789592537743925,1.1021584283432986,40945.83666666667,,,,,,,,,,,,,,,,,,,False,False,False,False
2021,1136,ACUS,Administrative Conference of the U.S.,administrative-conference-of-the-us,194608.16,1.1790193290922537,229446.78223907796,168056.0,26552.160000000003,0.8635609113204709,0.2977889519123967,0.0,0.7022110480876033,0.7022110480876033,136656.0,8400.0,0.04316365768013016,23000.0,0.11818620555273736,0.3522565549152718,0.6701313037794939,6782.653333333334,,,,,,,,,,,,,,,,,,,False,False,False,False
2021,654,NWTRB,Nuclear Waste Technical Review Board,nuclear-waste-technical-review-board,29835.08,1.1790193290922537,35176.136005013715,29835.08,0.0,1.0,1.0,0.0,0.0,0.0,0.0,0.0,0.0,0.0,0.0,0.0,0.0,0.0,,,,,,,,,,,,,,,,,,,False,False,False,False
2022,1173,DOD,Department of Defense,department-of-defense,414331853072.25,1.101075458543849,456210635110.8503,246525174849.16,167806609219.85,0.5949946017370934,0.7073000524361751,0.2858131234895908,0.0068856958433570125,0.29269881933294783,121274444206.28,24886428029.26,0.06006399904986396,57187485190.07,0.1380233857619868,0.2992079060380912,1.761367093147873,22659830767.3825,66.31024678328828,-0.003403005375425426,unconcentrated,0.4676034801608082,0.0411311747568157,0.12336486977950711,0.2043174899063772,0.4999050264389445,100.0,386919041538.61,27412811533.640015,7.084895957725704,456185028767.8698,25606342.98046875,0.005613148473905434,0.011279726644865335,36.80579572127791,-36.538289743635154,False,False,False,True
2022,561,VA,Department of Veterans Affairs,department-of-veterans-affairs,56369125066.65,1.101075458543849,62066660230.47722,50899820245.94,5469335769.789993,0.9029728994298982,0.9805593698017272,0.00154852393687876,0.017892106261393984,0.019440630198272746,1095874200.92,6514760103.39,0.11557319890431236,24619848744.13,0.436761236138043,0.6275262173249164,8.529905797989372,19922421655.2425,1065.0854872504558,0.09748338255055108,unconcentrated,0.7979711076172702,0.2574131286741353,0.5673211131836452,0.6338920626335975,0.8062703058657035,100.0,47672640624.28,8696484442.370003,18.242086715752063,56206964764.89472,5859695465.582497,10.425212409338808,0.7887639216194338,36.80579572127791,-36.538289743635154,False,False,False,True
2022,930,DOE,Department of Energy,department-of-energy,41183269090.69,1.101075458543849,45345886898.36621,40021820126.21,1162924775.8600006,0.9717632152724212,0.03271469598159155,0.9372742523707528,0.030011051647655693,0.9672853040184084,39835970962.86,698567005.8,0.016962398110302514,3406794867.85,0.08272278872150411,0.19971643272703088,0.9920127358972117,0.0,518.5108306598821,0.04227382127877597,unconcentrated,0.7892811750556388,0.10469841037910083,0.3616366328008875,0.6389628311774487,0.9788167404819446,100.0,37721319442.61,3461949648.080002,9.177700301144249,44474164741.70063,871722156.6655807,1.9600641444947065,0.1571159264079205,36.80579572127791,-36.538289743635154,False,False,False,True
2022,806,HHS,Department of Health and Human Services,department-of-health-and-human-services,33388689390.76,1.101075458543849,36763466481.10921,24787043507.05,8679475608.64,0.7406519758258686,0.5831457091532837,0.25440553538493865,0.16242350799627053,0.4168290433812092,13919261139.419998,3213124260.16,0.09623391390286799,7473708394.45,0.22383952562445525,0.413836783804214,3.1723269390263447,4691317611.886667,112.30640159915077,0.0012430708686010884,unconcentrated,0.5059969719720359,0.05344847157863777,0.15407547114393946,0.2882097832475287,0.6394564230424262,100.0,34263471655.44,-874782264.6800003,-2.5531045816868105,40397295363.56832,-3633828882.459114,-8.995228145239215,-0.6603403301475599,36.80579572127791,-36.538289743635154,False,False,False,True
2022,766,DHS,Department of Homeland Security,department-of-homeland-security,20837720897.04,1.101075458543849,22943903091.71706,18179704266.53,2694735689.460003,0.8709074018205342,0.7494261134996844,0.05773264910246164,0.19284123739785408,0.25057388650031576,5221404140.190001,3189409396.89,0.15305941626961014,4987678883.11,0.23935817682530242,0.4251713277879879,3.4614714374884112,3251202141.6899996,57.816035796688666,-0.004261006485182964,unconcentrated,0.38652125552059347,0.03632368981185068,0.09963123925586834,0.17482939346536186,0.5644883502711127,100.0,19737215494.56,1100505402.4799995,5.575788554283771,23270558570.54537,-326655478.8283081,-1.4037285690330237,-0.09388179475792571,36.80579572127791,-36.538289743635154,False,False,False,True
2022,614,GSA,General Services Administration,general-services-administration,20572362241.89,1.101075458543849,22651723188.819195,18252691267.89,2318957657.510002,0.8872740991293719,0.49314683666040443,0.3991850747722173,0.10766808856737822,0.5068531633395955,10427166879.67,1165606777.71,0.05665886902071752,4328717711.53,0.21041422762407652,0.39380567488712986,2.9313553825826495,2614354191.3724995,183.72928289555364,0.008457503322783194,unconcentrated,0.5657956830008246,0.08680596562137614,0.21135796827435865,0.3428816933500562,0.7178047901777248,100.0,17711119388.86,2861242853.029999,16.15506501994263,20881752099.326523,1769971089.492672,8.476161775475521,0.6433306832486057,36.80579572127791,-36.538289743635154,False,False,False,True
2022,862,NASA,National Aeronautics and Space Administration,national-aeronautics-and-space-administration,15239780124.55,1.101075458543849,16780147888.746325,9741444087.69,5498339036.889999,0.6392114643664569,0.27613891569640175,0.7189319968167367,0.004929087486861538,0.7238610843035982,11031653872.86,1373528536.24,0.09012784469425261,2065695826.56,0.13554630117217625,0.31253920824337633,1.7247995062265427,795714149.5141666,518.4433606580036,0.04226700612707107,unconcentrated,0.6725019551453255,0.1681601637481415,0.3889351524561462,0.5315534708824546,0.8715593388446085,100.0,15011177490.64,228602633.90999985,1.5228827588811182,17698468413.899113,-918320525.1527882,-5.188700534288068,-0.3763068485179451,36.80579572127791,-36.538289743635154,False,False,False,True
2022,315,DOS,Department of State,department-of-state,11949724607.11,1.101075458543849,13157548501.246359,9724455294.22,2225042434.16,0.813796154052941,0.6752115596171823,0.048827776135743566,0.2759606642470741,0.32478844038281773,3881507074.92,793178125.06,0.06637626816839483,4822412508.39,0.4035584640603934,0.5731909824996814,7.442712884962155,3826602124.464167,417.7619672492389,0.03209716840901403,unconcentrated,0.6163139055146942,0.16624810089748646,0.3160960899419018,0.42863669989201203,0.7780208044558844,100.0,9548352930.6,2401371676.51,25.14959065677417,11257692666.172068,1899855835.0742912,16.876067693543597,1.2701104592329238,36.80579572127791,-36.538289743635154,False,False,False,True
2022,95,USDA,Department of Agriculture,department-of-agriculture,10036376515.35,1.101075458543849,11050807873.757719,9060603738.13,975783010.0699997,0.9027754674514706,0.9766036825859544,0.004796058445633292,0.01860025896841216,0.02339631741404545,234814250.64000002,2143087326.91,0.21353197776431407,2014622037.77,0.20073201067026167,0.4456626160057943,2.7625929561179334,1178257328.1574998,38.01291237845632,-0.006261321981974109,unconcentrated,0.3248329359764559,0.0238050301136663,0.07438277494055992,0.13303145082171508,0.4975208455385324,100.0,9729368981.37,307007533.97999954,3.155472205523955,11471114088.905842,-420306215.1481228,-3.664040056533107,-0.2625405323210149,36.80579572127791,-36.538289743635154,False,False,False,True
2022,456,TREAS,Department of the Treasury,department-of-the-treasury,9306547378.56,1.101075458543849,10247210922.308006,8616233720.45,690313658.1099987,0.9258249455968696,0.9218536222745525,0.02186567474345553,0.05628070298199184,0.07814637772544737,727310736.0,995539427.55,0.10697193997459019,1245241230.42,0.13380270682215945,0.31106509253681297,1.6991853780147632,469695615.5400001,592.8148398211054,0.049779276749606596,unconcentrated,0.7245691051146452,0.18283754050079162,0.4065690482290823,0.5550018601344298,0.846590674159238,100.0,9566790307.66,-260242929.10000038,-2.720274206194604,11279430690.103569,-1032219767.7955627,-9.15134634145338,-0.6719894758647413,36.80579572127791,-36.538289743635154,False,False,False,True
2022,252,DOJ,Department of Justice,department-of-justice,8984981693.73,1.101075458543849,9893142838.431847,7542036436.7,1434639884.4499998,0.840181395304425,0.6751156708135505,0.0402699536040783,0.283091015182032,0.3233609687861103,2905392385.0099998,838615185.36,0.09333521357591767,1598501607.51,0.1779081652025495,0.34842148994300154,2.380500248746801,849753133.0325,64.8139639809001,-0.0035541450524343337,unconcentrated,0.4069453211092082,0.028088252845981126,0.09530307168878821,0.19345764672653473,0.6093422593282051,100.0,9138040185.21,-153058491.47999954,-1.6749597110300094,10773926008.384346,-880783169.9524994,-8.17513661470357,-0.5991471702705992,36.80579572127791,-36.538289743635154,False,False,False,True
2022,731,DOT,Department of Transportation,department-of-transportation,7960687196.1,1.101075458543849,8765317304.769955,6883984066.309999,1078675356.12,0.8645332797882224,0.6045082438016696,0.16940017125529885,0.22609158494303158,0.39549175619833044,3148486384.2,999814070.06,0.12559393999927748,1170519027.51,0.1470374351706026,0.3223806284572121,1.8962283382273992,507128427.8349999,102.6100203018185,0.0002636384143251008,unconcentrated,0.4751688694567522,0.04843265450486326,0.13885782925392992,0.2555194004050964,0.6673332023487368,100.0,6972039767.94,988647428.1600008,14.180174827833955,8220169649.6011305,545147655.1688242,6.631829735962645,0.505711282050306,36.80579572127791,-36.538289743635154,False,False,False,True
2022,209,DOI,Department of the Interior,department-of-the-interior,6518251842.52,1.101075458543849,7177087136.406998,5721411482.690001,796905984.8299999,0.8777436065670493,0.7835271051381995,0.01840086311474888,0.1980720317470517,0.21647289486180057,1411029489.1299999,1483740702.4,0.22762862470597267,1639487039.93,0.25152250627004974,0.474537340912892,3.6965006859228104,1096299386.3866668,52.53195760039146,-0.004794751757536217,unconcentrated,0.4378016564457843,0.03403909957155345,0.09995495172185821,0.18656935004982028,0.49086362619168505,100.0,5082951629.48,1435300213.040001,28.237534363214788,5992898219.997887,1184188916.409111,19.759870315460297,1.4852925313868526,36.80579572127791,-36.538289743635154,False,False,False,True
2022,801,USAID,Agency for International Development,agency-for-international-development,5909322961.87,1.101075458543849,6506610489.9247055,5640799378.599999,269539463.34000015,0.9543952604836566,0.15027946286384267,0.7695307528733243,0.08018978426283303,0.8497205371361574,5032773204.51,387002509.75,0.06549016058982388,1745282516.79,0.29534390454735054,0.44612954586014664,4.610451780643347,1252838936.6341667,779.7941622264133,0.06866607699256701,unconcentrated,0.6447660058657136,0.25539009733907325,0.39993654323170025,0.5226721915064536,0.9179397353167261,100.0,5483556602.03,425766359.84000015,7.764419896429672,6465219225.964808,41391263.95989704,0.6402143920142198,0.05863206953361154,36.80579572127791,-36.538289743635154,False,False,False,True
2022,183,DOC,Department of Commerce,department-of-commerce,4062237501.12,1.101075458543849,4472830019.259723,3285746413.76,776758589.06,0.8087981212279589,0.6140018124278319,0.07394039853796663,0.3120577890342014,0.3859981875721681,1568123121.6100001,1007841896.76,0.24810019022327665,723472737.05,0.17809710457611877,0.40347781688000883,2.383576163613529,384952945.28999996,83.74810217493301,-0.0016416058409158578,unconcentrated,0.41662263037837954,0.04556299234817498,0.12523750290812244,0.22531834913336393,0.6355085255252138,100.0,4534073909.07,-471836407.9499998,-10.40645603518139,5345760778.326404,-872930759.0666809,-16.32940184315485,-1.2075978580588846,36.80579572127791,-36.538289743635154,False,False,False,True
2022,1068,ED,Department of Education,department-of-education,2446949795.3,1.101075458543849,2694276367.893725,2330810978.2599998,116225924.96000004,0.9525034032764029,0.8589429033811068,0.13075310580593444,0.010303990812958616,0.14105709661889307,345163506.74,146056295.51,0.059689126352546695,421285728.71,0.1721677042656078,0.3735364339618332,2.2877154668647055,217373245.7683333,485.2756769127991,0.038916735041696876,unconcentrated,0.7243285772407102,0.11424777707207748,0.3584956128462175,0.6106635896862774,0.9615977594879591,100.0,2687507868.02,-240558072.7199998,-8.950971849516073,3168623723.4830937,-474347355.5893688,-14.970138362403754,-1.1061730482718741,36.80579572127791,-36.538289743635154,False,False,False,True
2022,267,DOL,Department of Labor,department-of-labor,2137899322.48,1.101075458543849,2353988476.82025,2070207749.43,69017280.92000008,0.9677372506674962,0.5494116296214355,0.17060484078864566,0.27998352958991884,0.45058837037856453,963312786.4100001,525275061.71,0.24569681845479602,336176637.38,0.1572462434713854,0.4211214407166839,2.052448493745171,158018360.50666666,295.80410795555315,0.019778192722783146,unconcentrated,0.5595744473155122,0.10626034730974812,0.2796661905371801,0.4436477266056446,0.8698710618480948,100.0,2365144389.9,-227245067.42000008,-9.608084326285388,2788550951.786206,-434562474.96595573,-15.583809744899831,-1.1519636577620982,36.80579572127791,-36.538289743635154,False,False,False,True
2022,539,SSA,Social Security Administration,social-security-administration,1899504963.26,1.101075458543849,2091498298.4278214,1641549722.6699998,257955240.59000015,0.8641987014620441,0.925642762869555,0.019839342779223314,0.05451789435122163,0.07435723713044495,141243454.05,35281636.81,0.01857412193830142,677325220.87,0.3565798636859309,0.47363902221447046,6.096138866612392,519033140.59833336,504.58610046010114,0.04086728287475769,unconcentrated,0.7138871314495709,0.16047753709305568,0.36001703630526155,0.5712078197404984,0.9236178602866117,100.0,1715484075.97,184020887.28999996,10.727053073106934,2022588884.3185942,68909414.10922718,3.406990646665331,0.2650819295682106,36.80579572127791,-36.538289743635154,False,False,False,True
2022,700,EPA,Environmental Protection Agency,environmental-protection-agency,1575773239.29,1.101075458543849,1735045242.012363,1466016843.6399999,111989681.9000001,0.9290309133153446,0.4400256688130442,0.18311106700553215,0.37686326418142363,0.5599743311869558,882409043.36,136185480.26,0.08642454184674529,323102223.36,0.2050436035489351,0.4357648663327936,2.837236921556271,191787786.7525,265.4418723659338,0.01671130023898321,unconcentrated,0.5651750553046082,0.09169732549532641,0.26688283886549996,0.404323488827028,0.8561431373513246,100.0,1180500602.49,395272636.79999995,33.483476075002535,1391833028.3407612,343212213.6716018,24.659007703011156,1.8508537965053744,36.80579572127791,-36.538289743635154,False,False,False,True
2022,882,HUD,Department of Housing and Urban Development,department-of-housing-and-urban-development,767635869.3,1.101075458543849,845225016.7842035,321142549.87,451177189.55999994,0.41581554047422753,0.7732862044621499,0.040751618509601614,0.1859621770282485,0.2267137955378501,174033641.52,108870078.05,0.14182515747899796,100100799.9,0.12421232360990107,0.3811491919959156,1.5601219297133724,32943749.113333344,350.8252402344122,0.025335882851960825,unconcentrated,0.6151594919720744,0.07967793852021866,0.2805062953042494,0.5171873295759761,1.0102454345537186,100.0,672588364.17,95047505.13,14.13160116846391,792994681.8789698,52230334.90523374,6.58646723600668,0.5023264468107433,36.80579572127791,-36.538289743635154,False,False,False,True
2022,803,SBA,Small Business Administration,small-business-administration,660842772.42,1.101075458543849,727637758.6677399,428718052.81,232124719.61000007,0.6487444074481415,0.7417601742712218,0.0,0.2582398257287782,0.2582398257287782,170709302.88,168643622.16,0.25519477430679716,126770795.99,0.19183200797637012,0.28043187855615764,2.6110315040519114,71700564.95499998,529.4711018835114,0.043380919382172874,unconcentrated,0.7067943751779724,0.15064618020325204,0.3789664049179222,0.6144851442998248,0.9768559330474458,100.0,1153700308.19,-492857535.7700001,-42.71971952085434,1360234963.3357003,-632597204.6679604,-46.506465553322066,-3.4593341770858106,36.80579572127791,-36.538289743635154,False,True,True,True
2022,655,NSF,National Science Foundation,national-science-foundation,577524048.84,1.101075458543849,635897556.8966032,508586447.38,68937601.46000004,0.8806325007617148,0.16873981862008725,0.4734027639526825,0.3578574174272303,0.8312601813799129,480072745.59,70134179.85,0.12143941016979241,139742085.74,0.24196756138672038,0.39513345501084296,3.51125234181673,91615081.67000002,,,,,,,,,,498099057.82,79424991.02000004,15.945621613422558,587268416.9724201,48629139.92418313,8.280564477634236,0.62873570662388,36.80579572127791,-36.538289743635154,False,False,False,False
2022,680,SEC,Securities and Exchange Commission,securities-and-exchange-commission,558470943.04,1.101075458543849,614918649.6911837,483244066.59000003,75226876.44999993,0.8652984951365467,0.5086826903000622,0.0,0.49131730969993775,0.49131730969993775,274386441.28,171942989.45,0.30788171093385736,43506778.4,0.07790338770925789,0.30481146344583865,0.9293356611222858,0.0,,,,,,,,,,551036296.54,7434646.5,1.3492117573166647,649682444.6520709,-34763794.96088719,-5.350890307572417,-0.3884090399898101,36.80579572127791,-36.538289743635154,False,False,False,False
2022,503,OPM,Office of Personnel Management,office-of-personnel-management,460781170.12,1.101075458543849,507354838.17825025,336449969.4,124331200.72000003,0.7301730001518492,0.9635082399404016,0.0,0.036491760059598324,0.036491760059598324,16814715.9,75369393.57,0.16356873600188945,156996541.7,0.3407182234879819,0.473177774632628,5.684823381887427,118598110.85666665,,,,,,,,,,472127822.86,-11346652.74000001,-2.403301010998589,556647828.9541836,-49292990.775933325,-8.85532794918895,-0.649901330664014,36.80579572127791,-36.538289743635154,False,False,False,False
2022,308,PBGC,Pension Benefit Guaranty Corporation,pension-benefit-guaranty-corporation,394364864.13,1.101075458543849,434225473.6055224,377602540.19000006,16762323.939999998,0.9574953920477196,0.5978160294232561,0.07236997760169356,0.3298139929750503,0.4021839705767439,158625542.41,21674813.5,0.05496132001469337,114994424.63,0.29159399096997846,0.4385792588078656,4.5278185952454715,82130685.9525,,,,,,,,,,375800000.18,18564863.949999988,4.940091522381007,443075464.0850924,-8849990.479570031,-1.997400261791611,-0.13818007788453474,36.80579572127791,-36.538289743635154,False,False,False,False
2022,555,SI,Smithsonian Institution,,387181444.3,1.101075458543849,426315986.3222922,296886571.02,90294873.27999997,0.7667892544715114,0.9430303015169573,0.0034477182975888804,0.05352198018545385,0.05696969848304273,22057610.140000004,23216355.67,0.05996246982335047,125844010.35,0.3250259334548383,0.49979875078946284,5.296922422965422,93578889.99166666,,,,,,,,,,389099416.03,-1917971.7299999595,-0.4929258824310551,458755732.43787825,-32439746.115586042,-7.071245942409847,-0.5167776348210201,36.80579572127791,-36.538289743635154,False,False,False,False
2022,538,FCC,Federal Communications Commission,federal-communications-commission,234858286.99,1.101075458543849,258596696.04033712,164451444.94,70406842.05000001,0.70021563661921,0.890391153533807,0.049282242701926986,0.06032660376426601,0.10960884646619301,25742545.92,20632557.0,0.08785109209656507,34508636.32,0.14693386706626765,0.22440960996298204,1.894662647279773,14937112.404166665,,,,,,,,,,345770903.64,-110912616.64999998,-32.076908578021026,407670578.8292551,-149073882.788918,-36.567240936794384,-2.7176943254768737,36.80579572127791,-36.538289743635154,False,False,False,False
2022,925,NARA,National Archives and Records Administration,national-archives-and-records-administration,189710504.98,1.101075458543849,208885581.2614386,141092043.88,48618461.099999994,0.7437228839534978,0.8207030821852171,3.67929019045933e-06,0.1792932385245923,0.17929691781478277,34014508.82,29868597.64,0.15744303481322167,28878881.56,0.15222605391854563,0.36055100468585555,1.9751569399410593,13069672.811666666,,,,,,,,,,167344571.84,22365933.139999986,13.365197863354842,197302484.81802726,11583096.44341135,5.870730140116826,0.4489199514283895,36.80579572127791,-36.538289743635154,False,False,False,False
2022,554,NRC,Nuclear Regulatory Commission,nuclear-regulatory-commission,172539161.85,1.101075458543849,189978636.7507601,132878893.27,39660436.89999999,0.7701368327967701,0.6564232881139385,0.046483047176109835,0.29709366470995174,0.3435767118860616,59280437.9,27003777.78,0.15650810801710174,41889859.77,0.24278464854499351,0.5242354041260229,3.5269109756732355,27511596.282500006,,,,,,,,,,161612296.98,10926864.870000005,6.761159314103578,190544021.95841765,-565385.2076575458,-0.2967215669358179,-0.011279726644865335,36.80579572127791,-36.538289743635154,False,False,False,False
2022,89,PC,Peace Corps,peace-corps,146158049.97,1.101075458543849,160931041.89059255,141555497.8,4602552.169999987,0.9685097593259852,0.8622777145416782,0.0,0.1377222854583218,0.1377222854583218,20129220.68,11624271.3,0.07953220026119646,31320923.73,0.2142948933461335,0.37165523247710036,3.0001635560782036,19141086.2325,,,,,,,,,,109674776.85,36483273.120000005,33.264962252804445,129308681.82002963,31622360.070562914,24.454939626230633,1.8356267517387272,36.80579572127791,-36.538289743635154,False,False,False,False
2022,1163,USAGM,U.S. Agency for Global Media,us-agency-for-global-media,141531847.89,1.101075458543849,155837244.31404,109049504.45,32482343.440000013,0.7704944581431197,0.956893611289936,0.0,0.04310638871006406,0.04310638871006406,6100926.850000001,10964907.18,0.07747307297592863,48085656.63,0.3397514930164175,0.5632244704524362,5.660393599759434,36291335.972500004,,,,,,,,,,165534334.8,-24002486.910000026,-14.500005052728204,195168180.35762852,-39330936.04358852,-20.152330144964225,-1.492855117840585,36.80579572127791,-36.538289743635154,False,False,False,False
2022,1158,CFPB,Consumer Financial Protection Bureau,consumer-financial-protection-bureau,125045669.35,1.101075458543849,137684717.71847376,115054959.34,9990710.010000005,0.9201035104859471,0.545719735978379,0.0,0.454280264021621,0.454280264021621,56867403.4,9575659.31,0.07657729659711723,21258383.74,0.17000495779264665,0.26906912838241365,2.2530912121423574,10837911.294166666,,,,,,,,,,118062293.09,6983376.25999999,5.914992905208521,139197725.59006482,-1513007.8715910614,-1.0869487020548356,-0.07024448072160419,36.80579572127791,-36.538289743635154,False,False,False,False
2022,1154,MCC,Millennium Challenge Corporation,millennium-challenge-corporation,110069411.09,1.101075458543849,121194727.28757316,104683259.41,5386151.680000007,0.9510658626528316,0.23743227742566092,0.0,0.762567722574339,0.762567722574339,83935380.14,4012199.05,0.036451535538055725,32071028.73,0.291370948680525,0.4779145374638889,4.522931185953893,22898577.805833332,,,,,,,,,,97838505.22,12230905.870000005,12.501116858334607,115353488.78387336,5841238.503699794,5.063772726149581,0.3887068261757198,36.80579572127791,-36.538289743635154,False,False,False,False
2022,11,GAO,Government Accountability Office,government-accountability-office,101692135.32,1.101075458543849,111970714.52777213,97329642.75,4362492.569999993,0.9571009837066327,0.8856619515398569,0.0,0.11433804846014309,0.11433804846014309,11632051.32,323503.23,0.003181202056403038,8810451.74,0.08663847712781021,0.16118724234101373,1.0434239066793627,336107.1300000008,,,,,,,,,,108923821.36,-7231686.040000007,-6.6392144066437355,128423290.7820317,-16452576.254259571,-12.811209052557254,-0.9450791928894094,36.80579572127791,-36.538289743635154,False,False,False,False
2022,552,FTC,Federal Trade Commission,federal-trade-commission,90205636.56,1.101075458543849,99323212.63854179,77706696.48,12498940.079999998,0.861439478100835,0.5638399043974267,0.0,0.43616009560257324,0.43616009560257324,39375035.57,9501731.82,0.10533412525369136,21341753.04,0.23659001647646039,0.4654300505054825,3.409033464861437,13824616.66,,,,,,,,,,83807831.23,6397805.329999998,7.633899166823718,98811052.94947143,512159.6890703589,0.518322266368581,0.04953678680644532,36.80579572127791,-36.538289743635154,False,False,False,False
2022,1129,CFTC,Commodity Futures Trading Commission,commodity-futures-trading-commission,82606078.1,1.101075458543849,90955525.3224665,69405706.24,13200371.86,0.8402009614350642,0.6292191098465914,0.0,0.37078089015340876,0.37078089015340876,30628755.17,13163384.72,0.15935128531419773,8898986.31,0.10772798460698259,0.41859554787409775,1.328079117392077,2015146.4683333347,,,,,,,,,,77535243.95,5070834.149999991,6.5400376547083665,91415551.30293323,-460025.98046673834,-0.503225079223449,-0.026688497461358582,36.80579572127791,-36.538289743635154,False,False,False,False
2022,611,EEOC,Equal Employment Opportunity Commission,equal-employment-opportunity-commission,62486542.8,1.101075458543849,68802398.76632984,32100168.040000003,30386374.76,0.5137132989217,0.8830946952309227,0.0,0.11690530476907743,0.11690530476907743,7305008.33,177265.11,0.0028368525774800906,16658819.26,0.26659851087168807,0.7858675141809894,3.9986060337484526,11451607.36,,,,,,,,,,62107758.05,378784.75,0.6098831480844285,73226247.22753501,-4423848.46120517,-6.041342590531781,-0.4399288464569596,36.80579572127791,-36.538289743635154,False,False,False,False
2022,48,EOP,Executive Office of the President,executive-office-of-the-president,55980460.14,1.101075458543849,61638710.818146154,39030588.6,16952350.509999998,0.6971872006096251,0.7041491040446526,0.07169984140724397,0.2241510545481036,0.2958508959553476,16793683.61,5874064.64,0.10493062445913649,13020960.59,0.2325983130084361,0.5345758542384142,3.3340836832443967,8355922.245,,,,,,,,,,65906003.4,-9925543.259999998,-15.060150438434865,77704451.91181979,-16065741.093673632,-20.675444840541804,-1.5318886159423866,36.80579572127791,-36.538289743635154,False,False,False,False
2022,693,RRB,Railroad Retirement Board,railroad-retirement-board,52398811.06,1.101075458543849,57695044.915042005,50651675.68,1747135.3800000027,0.9666569652124469,0.5786548085085501,0.38523290818347056,0.03611228330797932,0.4213451914914499,22077987.080000002,1550540.39,0.029591136871875427,10413215.35,0.19872999290148397,0.4054357318465462,2.7282063506060465,6046647.761666666,,,,,,,,,,55639217.62,-3240406.559999995,-5.823961404581654,65599713.0295503,-7904668.114508294,-12.049851667716178,-0.8882686267033956,36.80579572127791,-36.538289743635154,False,False,False,False
2022,559,NGA,National Gallery of Art,,51170351.57,1.101075458543849,56342418.31878771,46632250.44,4538101.130000003,0.911313856740031,0.7301345654702415,0.0648590652065702,0.2050063693231884,0.2698654345297586,13809433.0,0.0,0.0,12584278.85,0.24592910667781834,0.3414250589249958,3.5874878574582234,8320082.885833333,,,,,,,,,,37071698.79,14098652.780000001,38.03077075012025,43708249.43569591,12634168.8830918,28.905684959264583,2.1677301336113506,36.80579572127791,-36.538289743635154,False,False,False,False
2022,1522,DFC,U.S. International Development Finance Corporation,us-international-development-finance-corporation,50306897.04,1.101075458543849,55391689.726236194,45245950.05,5060946.990000002,0.8993985459692347,0.6004522722994008,0.003975598014740922,0.39557212968585825,0.39954772770059915,20100006.4,4905551.17,0.09751249746331005,20987826.15,0.415254715156679,0.6041955575624423,7.811609576206133,16775988.334166665,,,,,,,,,,41296083.24,9010813.799999997,21.820020430586474,48688880.35576267,6702809.370473526,13.766612256221666,1.0380907436018583,36.80579572127791,-36.538289743635154,False,False,False,False
2022,694,CPSC,Consumer Product Safety Commission,consumer-product-safety-commission,47842446.22,1.101075458543849,52678143.40954593,31425225.59,16417220.629999999,0.6568482189538009,1.0,0.0,0.0,0.0,0.0,7836111.76,0.1637899476119221,17250593.63,0.3605708945289796,0.5682539392944945,6.202845328563999,13263723.111666666,,,,,,,,,,41017848.16,6824598.060000002,16.638118200104046,48360835.81841113,4317307.5911348015,8.927280759467743,0.6769920430884488,36.80579572127791,-36.538289743635154,False,False,False,False
2022,878,EXIM,Export-Import Bank of the United States,export-import-bank-of-the-united-states,47585186.55,1.101075458543849,52394881.10043584,47295078.12,4731142.170000002,0.9090623507987302,0.8872656688155822,0.0,0.11273433118441772,0.11273433118441772,5364484.18,6082036.73,0.1278136573786323,8921680.81,0.17673926374968452,0.30634669626604133,2.3615020316666837,4715069.415,,,,,,,,,,32275911.35,15309275.199999996,47.432510995541556,38053923.345718056,14340957.754717782,37.68588490713789,2.8228864901353132,36.80579572127791,-36.538289743635154,False,False,False,False
2022,1528,CSOSA,Court Services and Offender Supervision Agency,court-services-and-offender-supervision-agency,47336503.54,1.101075458543849,52121062.34116802,26459087.21,20877416.33,0.5589573633726814,0.741761322092867,0.0,0.2582386779071329,0.2582386779071329,12332643.55,20912339.41,0.441780398764112,28527109.01,0.602524281874441,0.7527407026074638,16.674646521489386,24581609.790000003,,,,,,,,,,37638930.0,9697573.54,25.7647428872181,44377025.9963503,7744036.34481772,17.450552782547017,1.3129770864194708,36.80579572127791,-36.538289743635154,False,False,False,False
2022,1523,DC COURTS,District of Columbia Courts,district-of-columbia-courts,40421520.2,1.101075458543849,44507143.88925446,28570341.57,11851178.630000003,0.7068101701429823,0.974314935936128,0.0,0.025685064063872016,0.025685064063872016,1040000.0,0.0,0.0,4395482.29,0.10874114254614302,0.569546307167339,1.3420933301294027,1027022.273333333,,,,,,,,,,31201876.44,9219643.760000002,29.54836314966191,36787615.4267082,7719528.462546259,20.98404143080663,1.5766370898768265,36.80579572127791,-36.538289743635154,False,False,False,False
2022,1166,CNCS,Corporation for National and Community Service,corporation-for-national-and-community-service,28355331.41,1.101075458543849,31221359.53442855,19229878.02,9135253.39,0.6779407344194638,0.8939848750644851,0.0,0.106015124935515,0.106015124935515,3019760.31,6399732.43,0.22569767700697804,12957804.6,0.4569070902544033,0.6621576735702618,9.254361275224117,10594485.945,,,,,,,,,,37964930.5,-9609599.09,-25.31177843193997,44761386.88714404,-13540027.352715485,-30.24934724845251,-2.2462690465158426,36.80579572127791,-36.538289743635154,False,False,False,False
2022,697,NLRB,National Labor Relations Board,national-labor-relations-board,20826429.79,1.101075458543849,22931470.730855525,12988510.18,7837919.609999999,0.6236551492967148,1.0,0.0,0.0,0.0,0.0,1979979.81,0.0950705344105933,8412894.98,0.40395281691725815,0.6512103253776172,7.454914832594731,6677359.1641666675,,,,,,,,,,18543941.57,2282488.219999999,12.308538674930688,21863665.548587356,1067805.1822681688,4.883925707220495,0.37528709560548196,36.80579572127791,-36.538289743635154,False,False,False,False
2022,90,USTDA,United States Trade and Development Agency,united-states-trade-and-development-agency,18185643.68,1.101075458543849,20023765.95387105,15682222.75,2503420.9299999997,0.8623408126733956,1.0,0.0,0.0,0.0,0.0,2712599.06,0.14916156434887326,8664669.4,0.4492188728278463,0.8246643362172197,8.971635659480048,7057310.878333334,,,,,,,,,,18174814.07,10829.609999999404,0.05958580901179697,21428457.091187853,-1404691.1373168044,-6.555260284672869,-0.47827608752727535,36.80579572127791,-36.538289743635154,False,False,False,False
2022,560,USITC,International Trade Commission,international-trade-commission,14773396.72,1.101075458543849,16266624.567724194,11538666.43,3234730.289999999,0.7810435642318553,0.7076808731363982,0.0,0.2923191268636019,0.2923191268636019,4318546.43,8943729.53,0.605394256954605,2811917.41,0.19021005353515025,0.5813852025138391,2.5837695293954512,1579982.26,,,,,,,,,,13568525.05,1204871.67,8.87990157780635,15997553.30122244,269071.2665017545,1.6819526175993031,0.13636394629928508,36.80579572127791,-36.538289743635154,False,False,False,False
2022,1128,FEC,Federal Election Commission,federal-election-commission,13577706.98,1.101075458543849,14950079.938977519,12834352.51,743354.4700000007,0.9452518403074271,1.0,0.0,0.0,0.0,0.0,416254.32,0.030657188331810647,2711256.92,0.1988448196069549,0.33005989623388876,2.7301739653027304,1575003.6491666667,,,,,,,,,,11332122.61,2245584.370000001,19.816096659758973,13360791.596833358,1589288.3421441615,11.895166020857918,0.89844814955269,36.80579572127791,-36.538289743635154,False,False,False,False
2022,1130,NTSB,National Transportation Safety Board,national-transportation-safety-board,12814944.94,1.101075458543849,14110221.376024676,11774906.110000001,1040038.8300000001,0.9188417246527787,0.5925702658539866,0.0,0.4074297341460134,0.4074297341460134,5221189.609999999,230402.28,0.017979186104876078,5653204.97,0.4411415730983234,0.8172193840108688,8.68298136074326,4585292.891666667,,,,,,,,,,16169376.8,-3354431.8600000013,-20.745585321507264,19064007.786575854,-4953786.410551177,-25.985020914854246,-1.9280757798094137,36.80579572127791,-36.538289743635154,False,False,False,False
2022,1474,IMLS,Institute of Museum and Library Services,institute-of-museum-and-library-services,9241108.21,1.101075458543849,10175157.459779078,9021009.02,220099.18999999948,0.9761825979094341,0.7727657817351757,0.22723421826482434,0.0,0.22723421826482434,2099896.0,134665.54,0.014572444877798914,5476327.17,0.5926050258857427,0.7989757789017383,13.09158328368547,4706234.819166667,,,,,,,,,,5992439.2,3248669.0100000007,54.2127988549304,7065201.645210122,3109955.8145689564,44.01793424646785,3.295368028040405,36.80579572127791,-36.538289743635154,True,False,True,False
2022,1137,DNFSB,Defense Nuclear Facilities Safety Board,defense-nuclear-facilities-safety-board,7481001.09,1.101075458543849,8237146.705538783,4636657.07,2844344.0199999996,0.6197909897644461,0.5777098543371553,0.0,0.42229014566284473,0.42229014566284473,3159153.04,3228595.38,0.43157263862930406,3715437.68,0.4966497986389811,0.534707973869187,10.853572264909946,3092020.9233333333,,,,,,,,,,6503831.58,977169.5099999998,15.024520515028462,7668143.145980612,569003.5595581708,7.420356515598223,0.5645491598930252,36.80579572127791,-36.538289743635154,False,False,False,False
2022,1067,SSS,Selective Service System,selective-service-system,5302075.7,1.101075458543849,5837985.432611699,5092915.7,209160.0,0.9605512988054848,1.0,0.0,0.0,0.0,0.0,639482.01,0.1206097472354082,2817879.86,0.5314673006271864,0.5373998696397337,9.074582010410257,2376040.2183333333,,,,,,,,,,5384604.07,-82528.37000000011,-1.5326729491552031,6348552.278038819,-510566.8454271201,-8.042256298231875,-0.5892319764811419,36.80579572127791,-36.538289743635154,False,False,False,False
2022,1125,FMCS,Federal Mediation and Conciliation Service,federal-mediation-and-conciliation-service,4887463.09,1.101075458543849,5381465.662937887,3444940.9299999997,1442522.1600000001,0.7048525720937976,0.763119491916204,0.0,0.2368805080837961,0.2368805080837961,1157744.74,1399897.43,0.2864261896656083,1794509.31,0.3671658029851229,0.657028178191316,6.382120074875481,1387220.7191666667,,,,,,,,,,4361528.01,525935.0800000001,12.058505156774176,5142325.828167272,239139.8347706152,4.650421672246405,0.35786361394270694,36.80579572127791,-36.538289743635154,False,False,False,False
2022,699,FMC,Federal Maritime Commission,federal-maritime-commission,4854941.07,1.101075458543849,5345656.464853615,1573914.57,3281026.5,0.3241881924634772,0.7152058181418873,0.06617505658003794,0.21861912527807467,0.2847941818581126,1382658.97,253761.71,0.05226875184295491,3314139.37,0.677847830948195,0.7396241349486816,21.04123132069277,2906705.3291666666,,,,,,,,,,3436146.63,1418794.4400000004,41.290276369841656,4051283.2943652086,1294373.170488406,31.949707696045483,2.3948674262977803,36.80579572127791,-36.538289743635154,False,False,False,False
2022,610,MSPB,Merit Systems Protection Board,merit-systems-protection-board,3885597.79,1.101075458543849,4278336.368341216,2677375.04,1208222.75,0.6890509992800876,1.0,0.0,0.0,0.0,0.0,659126.94,0.16963334231256086,702759.02,0.18086252308682726,0.27606779393396763,2.4287592864780896,378959.20416666666,,,,,,,,,,3911967.34,-26369.549999999814,-0.6740738791546204,4612285.108637609,-333948.7402963927,-7.2404184136621055,-0.5294008575890427,36.80579572127791,-36.538289743635154,False,False,False,False
2022,1475,NEH,National Endowment for the Humanities,national-endowment-for-the-humanities,3605567.22,1.101075458543849,3970001.5800721706,3359951.9699999997,245615.25,0.9318788875609979,0.9666592070914156,0.0,0.0333407929085843,0.0333407929085843,120212.47,2432521.35,0.6746570516025492,129492.0,0.035837032663142185,0.5365002635222447,0.4088596768899095,0.0,,,,,,,,,,2309034.16,1296533.06,56.15044950222824,2722395.9061742956,1247605.673897875,45.82748861281897,3.4303924070555754,36.80579572127791,-36.538289743635154,True,False,True,False
2022,687,NEA,National Endowment for the Arts,national-endowment-for-the-arts,3365907.23,1.101075458543849,3706117.8466883064,3225013.84,140893.38999999966,0.9581410358716275,0.9457043621490423,0.0,0.05429563785095764,0.05429563785095764,182754.08,2397948.73,0.712422703937684,1491393.94,0.44308824875128844,0.6056742924551727,7.9561662643640165,1210901.6708333334,,,,,,,,,,3017302.25,348604.98,11.553531967173654,3557457.6744635478,148660.17222475866,4.178831790238407,0.3226747673669793,36.80579572127791,-36.538289743635154,False,False,False,False
2022,1132,CIGIE,Council of the Inspectors General on Integrity and Efficiency,council-of-the-inspectors-general-on-integrity-and-efficiency,2962486.14,1.101075458543849,3261920.785030297,2962486.14,0.0,1.0,1.0,0.0,0.0,0.0,0.0,0.0,0.0,184810.2,0.06238348173335252,0.08518369304505845,0.5988070012227561,0.0,,,,,,,,,,1561106.08,1401380.06,89.76840702586976,1840574.2430834381,1421346.5419468589,77.22299425236635,5.773045787177686,36.80579572127791,-36.538289743635154,True,False,True,False
2022,1139,ABILITYONE,Committee for Purchase from People Who Are Blind or Severely Disabled,committee-for-purchase-from-people-who-are-blind-or-severely-disabled,2065656.6,1.101075458543849,2274443.788039128,1006101.55,1059555.05,0.4870613779657277,1.0,0.0,0.0,0.0,0.0,1481527.23,0.7172185492980778,173491.06,0.08392949445006123,0.08392949445006123,0.9161903362413834,1232.3274999999849,,,,,,,,,,3110600.97,-1044944.3700000001,-33.59300598430663,3667458.668723114,-1393014.880683986,-37.98311055456249,-2.8233429423189773,36.80579572127791,-36.538289743635154,False,False,False,False
2022,685,FLRA,Federal Labor Relations Authority,federal-labor-relations-authority,1743358.55,1.101075458543849,1919569.3148475897,1414082.48,353103.27,0.8001889331667597,0.8317108950422161,0.0,0.16828910495778393,0.16828910495778393,293388.25,164812.67,0.09453744899464313,785303.52,0.44678480575717966,0.4571508153726419,8.076148493511447,638830.41,,,,,,,,,,2220555.37,-477196.82000000007,-21.489976176545422,2618077.7025496014,-698508.3877020117,-26.68020078326067,-1.9799483467689254,36.80579572127791,-36.538289743635154,False,False,False,False
2022,1127,FMSHRC,Federal Mine Safety and Health Review Commission,federal-mine-safety-and-health-review-commission,1665734.07,1.101075458543849,1834098.9049373618,0.0,1665734.07,0.0,0.0,1.0,0.0,1.0,1665734.07,0.0,0.0,38734.3,0.02313598825871129,0.23358860511648294,0.2605233356812663,0.0,,,,,,,,,,3904432.29,-2238698.2199999997,-57.33735543919497,4603401.139041931,-2769302.2341045695,-60.15774316554394,-4.4779580530132295,36.80579572127791,-36.538289743635154,False,True,True,False
2022,1135,OSHRC,Occupational Safety and Health Review Commission,occupational-safety-and-health-review-commission,1236778.16,1.101075458543849,1361786.0796390176,1236778.16,0.0,1.0,1.0,0.0,0.0,0.0,0.0,0.0,0.0,890691.19,0.6775637857645506,0.8964169156708414,21.013886029246702,781145.3916666666,,,,,,,,,,993368.68,243409.47999999986,24.50343813940257,1171200.8746348578,190585.20500415983,16.272631717729727,1.2250835899524062,36.80579572127791,-36.538289743635154,False,False,False,False
2022,1155,UDALL,Morris K. Udall and Stewart L. Udall Foundation,morris-k-udall-and-stewart-l-udall-foundation,1107817.74,1.101075458543849,1219790.9260535103,250402.74,857415.0,0.22603243381894209,0.3345941544499911,0.0,0.665405845550009,0.665405845550009,737148.4,0.0,0.0,138765.67,0.1252603790222749,0.40483193562146785,1.0023813168264528,46447.52500000001,,,,,,,,,,220917.64,886900.1,401.46187511327753,260466.16769744403,959324.7583560662,368.31069725355354,27.4932754014679,36.80579572127791,-36.538289743635154,True,False,True,False
2022,1162,CSB,United States Chemical Safety Board,united-states-chemical-safety-board,1045993.01,1.101075458543849,1151717.2331194107,1045993.01,0.0,1.0,0.1776995718164503,0.0,0.8223004281835498,0.8223004281835498,860120.5,0.0,0.0,1045993.01,1.0,1.0,,958826.9258333333,,,,,,,,,,,,,,,,,36.80579572127791,-36.538289743635154,False,False,False,False
2022,1153,FHFA,Federal Housing Finance Agency,,992056.0,1.101075458543849,1092328.5151011767,992056.0,0.0,1.0,0.5918102002306321,0.0,0.40818979976936787,0.40818979976936787,404947.14,404947.14,0.40818979976936787,0.0,0.0,0.44951811188078095,0.0,0.0,,,,,,,,,,982492.83,9563.170000000042,0.9733577394147539,1158378.0372645496,-66049.52216337295,-5.701896966153253,-0.41460027081789297,36.80579572127791,-36.538289743635154,False,False,False,False
2022,1136,ACUS,Administrative Conference of the U.S.,administrative-conference-of-the-us,154770.79,1.101075458543849,170414.31856844376,126360.0,28410.790000000008,0.8164331266901202,0.41136179507774046,0.0,0.5886382049222595,0.5886382049222595,91104.0,0.0,0.0,0.0,0.0,0.2277949217678607,0.0,0.0,,,,,,,,,,194608.16,-39837.369999999995,-20.470554780436746,229446.78223907796,-59032.4636706342,-25.728172386886563,-1.9089103910072363,36.80579572127791,-36.538289743635154,False,False,False,False
2022,558,KENNEDY CENTER,John F. Kennedy Center for the Performing Arts,john-f-kennedy-center-for-the-performing-arts,-650545.64,1.101075458543849,-716299.8388667017,0.0,0.0,,,,,,0.0,-650545.64,,0.0,,,,,,,,,,,,,,2736805.34,-3387350.98,-123.77025616297577,3226746.395822897,-3943046.234689599,-122.19882665070827,-9.107307094293828,36.80579572127791,-36.538289743635154,False,True,True,False
2023,1173,DOD,Department of Defense,department-of-defense,456946274497.38,1.0522717084185027,480831636920.8281,251801130866.88,205145064627.26,0.5510520349000458,0.7139250072113572,0.2777978912492229,0.008277101539419811,0.28607499278864273,130720910570.77,27897200186.11,0.06105137899810135,65114013503.13,0.14249818225294086,0.2893962754940422,1.8279611452027444,27035157295.015,87.56623300326285,-0.0012559360602764805,unconcentrated,0.47838027988605236,0.07102307962783506,0.1317540727514241,0.21663087804714679,0.509688499515834,100.0,414331853072.25,42614421425.130005,10.285094208699185,456210635110.8503,24621001809.977844,5.396849594265907,-0.022172735048669085,64.22815055526087,-45.70842727022192,False,False,False,True
2023,561,VA,Department of Veterans Affairs,department-of-veterans-affairs,61679756215.09,1.0522717084185027,64903862447.28951,56894061090.93,4785695124.160004,0.9224106024759355,0.9796027014757849,0.002141515097098982,0.018255783427116076,0.02039729852421506,1258100400.42,7490168596.83,0.12143641701031116,12139296855.24,0.19681168668870505,0.4364187606929037,2.6954183940381675,6999317170.649167,1097.4904794019362,0.10075661408100366,unconcentrated,0.7959075649283451,0.26288538712808757,0.5596251805232534,0.624646956906812,0.8064428134025404,100.0,56369125066.65,5310631148.439995,9.421170085859563,62066660230.47722,2837202216.812294,4.571217794346721,-0.06048547766076533,64.22815055526087,-45.70842727022192,False,False,False,True
2023,930,DOE,Department of Energy,department-of-energy,44603688671.33,1.0522717084185027,46935199679.94743,43133847261.310005,1469961501.5199966,0.967044036321289,0.035678935694457826,0.93214541711602,0.03217564718952214,0.9643210643055421,43012276531.49,867318480.18,0.01944499448399854,2767574578.74,0.06204810994743847,0.17026859416184564,0.7276804030786433,0.0,508.49390072809,0.041262010174554546,unconcentrated,0.782269471119414,0.10537196264736315,0.3491586662158813,0.6379064143669977,0.9773841292391047,100.0,41183269090.69,3420419580.6399994,8.30536199811595,45345886898.36621,1589312781.5812225,3.504866461523514,-0.10996860579672157,64.22815055526087,-45.70842727022192,False,False,False,True
2023,806,HHS,Department of Health and Human Services,department-of-health-and-human-services,33358493748.86,1.0522717084185027,35102199207.38086,27809923741.25,5571334608.66,0.8330999224097548,0.5355602475707755,0.2919368297398076,0.1724820657618594,0.46441889550166704,15558328410.23,3409565007.3,0.10220980098708801,9942853514.47,0.2980606255583644,0.5168782317990374,4.670869024479579,7162979035.398333,84.10439895350089,-0.001605616267323142,unconcentrated,0.4506646697342529,0.051798869457619044,0.137831678319922,0.22314436787495492,0.588056614623686,100.0,33388689390.76,-30195641.89999771,-0.09043673906036595,36763466481.10921,-1661267273.7283478,-4.518799321010669,-0.48230000335408957,64.22815055526087,-45.70842727022192,False,False,False,True
2023,614,GSA,General Services Administration,general-services-administration,23918425153.58,1.0522717084185027,25168682099.037716,21627432225.6,2290992927.9800034,0.9042163974730962,0.4574921117656518,0.43841767989814595,0.10409020833620214,0.542507888234348,12975934319.96,1370938592.23,0.05731725995450015,4750475097.81,0.1986115334645672,0.3683762688222478,2.7261770780845684,2757273001.6783333,212.2030021361371,0.011333636579407785,unconcentrated,0.5652362429272304,0.1058241175841441,0.22696261324953804,0.3359704379532373,0.7367545528733283,100.0,20572362241.89,3346062911.6900024,16.26484538988264,22651723188.819195,2516958910.218521,11.11155601380862,0.24301336386014796,64.22815055526087,-45.70842727022192,False,False,False,True
2023,766,DHS,Department of Homeland Security,department-of-homeland-security,23898006655.76,1.0522717084185027,25147196291.453323,20763813829.88,3309140795.6800003,0.8625369902801028,0.773160888953849,0.04815172607498364,0.17868738497116718,0.22683911104615084,5421009390.75,3943033908.04,0.16499425934713402,5957381362.43,0.24928360964340623,0.41778036928797924,3.652670624088744,3965880807.783334,70.71325407035194,-0.0029582571646109158,unconcentrated,0.4142710162109895,0.04689426014658377,0.11708427201879595,0.20037078135618747,0.5782653602659027,100.0,20837720897.04,3060285758.7199974,14.686278666659321,22943903091.71706,2203293199.7362633,9.602957225406302,0.17300811807063787,64.22815055526087,-45.70842727022192,False,False,False,True
2023,862,NASA,National Aeronautics and Space Administration,national-aeronautics-and-space-administration,16129104644.29,1.0522717084185027,16972200499.307846,10136610124.87,5992787791.74,0.6284555801324334,0.3159405664224648,0.6785492102286014,0.005510223348933821,0.6840594335775352,11033287330.199999,1552055469.79,0.09622700726536956,2337069628.93,0.1448976667007592,0.26837795334178316,1.8639574137971382,992977575.2391665,509.07233741833943,0.04132043812306459,unconcentrated,0.6809535432633842,0.17023404901474404,0.37175270681207384,0.5188045664904513,0.8740160533592068,100.0,15239780124.55,889324519.7400017,5.83554692043998,16780147888.746325,192052610.56152153,1.1445227529271205,-0.21949835137142665,64.22815055526087,-45.70842727022192,False,False,False,True
2023,315,DOS,Department of State,department-of-state,11664005479.54,1.0522717084185027,12273702972.958334,8533693816.82,3130340416.380001,0.7316245516949929,0.6640400459795504,0.06321039750448738,0.27274955651596233,0.3359599540204497,3919051760.38,908636562.52,0.0779009032629359,3841975184.04,0.32938729245105924,0.5542140730317059,5.402910168828302,2869974727.4116664,208.51095063748562,0.010960702084594508,unconcentrated,0.5538961427850801,0.07923315738500898,0.23606052629860283,0.3689937078698746,0.7639260736296745,100.0,11949724607.11,-285719127.5699997,-2.3910101442839853,13157548501.246359,-883845528.2880249,-6.717402776089345,-0.584324329801714,64.22815055526087,-45.70842727022192,False,False,False,True
2023,95,USDA,Department of Agriculture,department-of-agriculture,11456729967.07,1.0522717084185027,12055592815.338205,10508996531.02,947733436.0499992,0.9172771428868391,0.9771979997581448,0.004710239412564334,0.018091760829290877,0.022802000241855212,261236359.48,2845673995.99,0.248384487036816,1812008073.08,0.15816101787231107,0.4522040232816064,2.066631782954826,857280575.8241667,29.03246329128643,-0.0071684380513852095,unconcentrated,0.2673691477101656,0.01929476650888837,0.05420208138054004,0.10483324527436352,0.4715224609899365,100.0,10036376515.35,1420353451.7199993,14.152054275242254,11050807873.757719,1004784941.5804863,9.092411641383634,0.14931668376018933,64.22815055526087,-45.70842727022192,False,False,False,True
2023,456,TREAS,Department of the Treasury,department-of-the-treasury,10257934018.66,1.0522717084185027,10794133754.659636,9449562166.14,808371852.5200005,0.9211954521203287,0.9217674062121974,0.02493972858594462,0.05329286520185801,0.07823259378780263,802504983.66,1257679582.24,0.12260554415267057,1596196517.34,0.15560604254583732,0.3441730704084985,2.0270946433165675,741368682.4516666,458.84392877718943,0.036246861492645395,unconcentrated,0.6820145891472227,0.16439330777644123,0.3368862911034231,0.52828109865615,0.8395362821777029,100.0,9306547378.56,951386640.1000004,10.222766847904968,10247210922.308006,546922832.3516293,5.33728481338261,-0.02493678812771844,64.22815055526087,-45.70842727022192,False,False,False,True
2023,252,DOJ,Department of Justice,department-of-justice,9960834896.24,1.0522717084185027,10481504753.541103,8449570513.75,1511525925.2199993,0.8482570734576389,0.703372506220134,0.008073128009489722,0.28855436577037624,0.296627493779866,2955794658.4700003,1039792218.58,0.1043880587733162,1640714327.87,0.16471654685184414,0.3682743876865896,2.1691822201689277,810644753.1833333,87.50933412507713,-0.0012616834217093814,unconcentrated,0.4506676050924898,0.046653105772831924,0.1326186009215599,0.22855150284835601,0.6238008476905375,100.0,8984981693.73,975853202.5100002,10.860937014384582,9893142838.431847,588361915.1092567,5.94716891000148,0.003364365509116682,64.22815055526087,-45.70842727022192,False,False,False,True
2023,731,DOT,Department of Transportation,department-of-transportation,8692390255.63,1.0522717084185027,9146756344.532125,7304611792.889999,1387856925.790001,0.840338001699389,0.6143884958304722,0.16500590013195207,0.22060560403757587,0.38561150416952794,3352328239.8900003,1025566365.51,0.11798439040927183,1411969136.52,0.16243738430927876,0.3266810526104469,2.1333464435115914,687603281.8841667,92.16566452104391,-0.0007913470180763728,unconcentrated,0.4340871671500732,0.04440968965469233,0.1342294152203174,0.2248998865788169,0.6608609316958994,100.0,7960687196.1,731703059.5299988,9.191455982449174,8765317304.769955,381439039.7621708,4.351685472408367,-0.0706726886503169,64.22815055526087,-45.70842727022192,False,False,False,True
2023,209,DOI,Department of the Interior,department-of-the-interior,7631701517.55,1.0522717084185027,8030623594.012419,6795176503.92,836525867.7399998,0.8903880383430042,0.7252814047750789,0.021690778207363277,0.2530278170175579,0.27471859522492115,2096570310.3000002,1681744725.56,0.22036301101302627,2094544648.92,0.27445316671562,0.46723602814916276,4.160978582465289,1458569522.4575,56.41497036337205,-0.004402528246124036,unconcentrated,0.4230101374218116,0.0354863057297531,0.10575852614701163,0.1869553746813778,0.5224302746748347,100.0,6518251842.52,1113449675.0299997,17.08202907667238,7177087136.406998,853536457.6054211,11.892519087245185,0.2792532921490722,64.22815055526087,-45.70842727022192,False,False,False,True
2023,801,USAID,Agency for International Development,agency-for-international-development,6684456104.63,1.0522717084185027,7033864045.0675,6391367024.67,293955294.4300003,0.956029749891016,0.15063609533355374,0.7743653470571356,0.07499855760931044,0.8493639046664461,5677535737.599999,455141251.17,0.06808949659415754,1690041510.61,0.25283156687039804,0.4248007032020411,3.722249378129131,1133003501.8908334,697.4301299069875,0.060346477768382575,unconcentrated,0.6476479526764747,0.19693872383695865,0.4347046008675736,0.5419007690889015,0.9075002396437718,100.0,5909322961.87,775133142.7600002,13.117122684976929,6506610489.9247055,527253555.1427946,8.103352059558985,0.10342021369909865,64.22815055526087,-45.70842727022192,False,False,False,True
2023,183,DOC,Department of Commerce,department-of-commerce,5025752200.72,1.0522717084185027,5288456854.3396845,4124948890.3199997,901481882.04,0.8206516864815512,0.64088156674961,0.08344669802073011,0.27567173522965993,0.35911843325039006,1804893500.34,1253196284.99,0.24935496915475944,1022314736.02,0.20341526903645207,0.3946966782277523,2.808951606057542,603502052.6266665,107.65978311014933,0.0007737154656716496,unconcentrated,0.475811423351997,0.06084802764374045,0.1535236966238532,0.26399060398559376,0.6282010052898539,100.0,4062237501.12,963514699.6000004,23.718817507207536,4472830019.259723,815626835.0799618,18.235140427155162,0.573577249760377,64.22815055526087,-45.70842727022192,False,False,False,True
2023,267,DOL,Department of Labor,department-of-labor,2478804629.44,1.0522717084185027,2608375982.256522,2333077115.8,145727513.63999987,0.9412105690342679,0.6441691476916335,0.08736950845431965,0.26846134385404685,0.3558308523083665,882036575.7299999,618924860.75,0.2496868262222927,475825620.18,0.19195769385322486,0.4770489987535433,2.6131486140305236,269258567.7266667,240.7752304690475,0.014219720249398738,unconcentrated,0.5277379910920754,0.0867805565332501,0.23821165968751581,0.39953317624057305,0.8803797146179335,100.0,2137899322.48,340905306.96000004,15.9458073341145,2353988476.82025,254387505.43627214,10.806658908538791,0.22886487258532115,64.22815055526087,-45.70842727022192,False,False,False,True
2023,1068,ED,Department of Education,department-of-education,2445985962.83,1.0522717084185027,2573841827.8748,2340231798.76,105759428.26999998,0.9567621391682519,0.8667765905541424,0.1189566106383753,0.01426679880748244,0.13322340944585773,325863508.4,134643954.25,0.05504690390545711,314881358.15,0.1287339187284963,0.29520299162084135,1.6253049859887556,111049194.58083332,664.7678893368354,0.05704726154917529,unconcentrated,0.7473974267257351,0.14335432650002097,0.4725432388756241,0.6724957222104566,0.9842462782429805,100.0,2446949795.3,-963832.470000267,-0.03938913956680094,2694276367.893725,-120434540.01892471,-4.470014340550947,-0.4800361777603171,64.22815055526087,-45.70842727022192,False,False,False,True
2023,539,SSA,Social Security Administration,social-security-administration,1937692238.12,1.0522717084185027,2038978721.7958045,1781751140.33,155941097.78999996,0.919522257083871,0.9354448143522649,0.016041924931444105,0.04851326071629088,0.06455518564773499,125112501.84,38834163.19,0.020041450559598634,716933519.28,0.3699934928653003,0.5261978116448729,6.460137118310946,555459166.1033334,455.2427641477904,0.0358831074896758,unconcentrated,0.6797323504063006,0.16316185696586386,0.3188350020689611,0.5174398856047372,0.9181457604465167,100.0,1899504963.26,38187274.859999895,2.010380367443815,2091498298.4278214,-52519576.6320169,-2.511098224248896,-0.38913433874453096,64.22815055526087,-45.70842727022192,False,False,False,True
2023,700,EPA,Environmental Protection Agency,environmental-protection-agency,1863311252.45,1.0522717084185027,1960709714.9309816,1671736947.03,191642777.8499999,0.8971531270351557,0.43072664274673367,0.1584615681796421,0.41081178907362426,0.5692733572532663,1060733452.29,157305762.05,0.08442269741202088,400644950.27,0.21501772704007802,0.4112016001688157,3.0130552993540216,245369012.56583333,212.10433583339116,0.011323670286201128,unconcentrated,0.5628903121013076,0.05765665607865631,0.21131692690755424,0.3887509676322516,0.8688453338760924,100.0,1575773239.29,287538013.1600001,18.247423296105524,1735045242.012363,225664472.91861868,13.006258710400287,0.3309354336593811,64.22815055526087,-45.70842727022192,False,False,False,True
2023,680,SEC,Securities and Exchange Commission,securities-and-exchange-commission,701649736.64,1.0522717084185027,738326167.0855653,623154207.65,78495528.99000001,0.8881271881239596,0.5010662929534938,0.0,0.4989337070465062,0.4989337070465062,350076704.15,200541018.5,0.2858135733939467,111473014.38,0.15887273743422523,0.32812134594746334,2.077688109223327,53002202.99333333,,,,,,,,,,558470943.04,143178793.60000002,25.637644247096482,614918649.6911837,123407517.39438164,20.068917645668698,0.6586721244826341,64.22815055526087,-45.70842727022192,False,False,False,False
2023,655,NSF,National Science Foundation,national-science-foundation,631125418.11,1.0522717084185027,664115421.9409516,546406273.76,84719144.35000002,0.8657649622103571,0.20425498783750767,0.4464273465387398,0.34931766562375255,0.7957450121624923,502214903.51,95641598.42,0.15154135085608364,147234421.74,0.23328868956176038,0.386704476236865,3.346990647252328,94640636.89750001,,,,,,,,,,577524048.84,53601369.26999998,9.281235885789053,635897556.8966032,28217865.04434836,4.437485997282511,-0.0666911881487524,64.22815055526087,-45.70842727022192,False,False,False,False
2023,503,OPM,Office of Personnel Management,office-of-personnel-management,496399357.9,1.0522717084185027,522347000.3952807,397227902.93,99171454.96999997,0.8002184060238487,0.9139400091026845,0.0,0.08605999089731553,0.08605999089731553,42732266.25,92031842.65,0.18539879471105175,106224081.32,0.2139891593925045,0.4212960889287242,2.994717924625915,64857468.16166666,,,,,,,,,,460781170.12,35618187.77999997,7.7299573180744385,507354838.17825025,14992162.217030466,2.954965852077522,-0.13548627664467258,64.22815055526087,-45.70842727022192,False,False,False,False
2023,555,SI,Smithsonian Institution,,485082417.4,1.0522717084185027,510438504.0812752,360258325.39,124824092.00999999,0.7426744661679424,0.9487284262882458,0.003398654498418025,0.04787291921333613,0.051271573711754156,24870938.919999998,8097102.59,0.016692220331134187,118498674.2,0.2442856511582974,0.3917298088405214,3.5557643795700105,78075139.41666667,,,,,,,,,,387181444.3,97900973.09999996,25.285553980253066,426315986.3222922,84122517.75898302,19.732433325966557,0.643057855343514,64.22815055526087,-45.70842727022192,False,False,False,False
2023,882,HUD,Department of Housing and Urban Development,department-of-housing-and-urban-development,431141789.9,1.0522717084185027,453678307.82868415,42170490.27,452348791.45000005,0.0852757249895813,0.30991523428720014,0.06378128215297516,0.6263034835598248,0.6900847657128,298155580.96000004,130830248.92,0.30345063268013306,156359190.12,0.18772339738236138,0.32700018486563104,2.542184970675573,86948915.7925,820.1059042230612,0.07273797012354154,unconcentrated,0.598576364519072,0.14411272967626562,0.4167324245503394,0.7705075445761145,1.5991417143764102,100.0,767635869.3,-336494079.4,-43.83511673403769,845225016.7842035,-391546708.9555194,-46.32455277355877,-2.4222604940825283,64.22815055526087,-45.70842727022192,False,False,False,True
2023,803,SBA,Small Business Administration,small-business-administration,382451895.67,1.0522717084185027,402443309.6445659,349258701.0,33193194.670000017,0.9132094910606983,0.9267261367260368,0.0,0.07327386327396328,0.07327386327396328,28024587.259999998,145516335.74,0.3804827153100564,144177928.61,0.3019984946237905,0.5102103144152129,4.759278332890142,104393533.66083336,762.5404285968755,0.06692327561584602,unconcentrated,0.6558525079884141,0.15690021905860044,0.4709472247077384,0.7240542560650239,1.2982735381404156,100.0,660842772.42,-278390876.74999994,-42.12664318481311,727637758.6677399,-325194449.023174,-44.69180511173377,-2.346494225239533,64.22815055526087,-45.70842727022192,False,False,False,True
2023,538,FCC,Federal Communications Commission,federal-communications-commission,370700197.03,1.0522717084185027,390077329.6398336,235897363.37,134802833.65999997,0.6363561855644477,0.9602319137186567,0.010263166921629947,0.029504919359713347,0.03976808628134329,14742037.42,18266985.66,0.04927697855666824,35035414.37,0.0945114533272413,0.5000616089637475,1.1481381961370878,4143731.2841666676,,,,,,,,,,234858286.99,135841910.03999996,57.83994756198828,258596696.04033712,131480633.59949651,50.843895383329865,2.086758834649821,64.22815055526087,-45.70842727022192,False,False,False,False
2023,308,PBGC,Pension Benefit Guaranty Corporation,pension-benefit-guaranty-corporation,344212231.06,1.0522717084185027,362204792.4360506,332484561.87,11727669.189999998,0.9659289585559331,0.5535127838812597,0.0875355622524287,0.3589516538663116,0.44648721611874037,153686360.8,19778378.98,0.05745983784217246,61028334.16,0.17729856365668215,0.3535638576677601,2.370585626897629,32343981.57166666,,,,,,,,,,394364864.13,-50152633.06999999,-12.717317801787607,434225473.6055224,-72020681.1694718,-16.586010159988884,-1.0422686757876407,64.22815055526087,-45.70842727022192,False,False,False,False
2023,925,NARA,National Archives and Records Administration,national-archives-and-records-administration,241073877.84,1.0522717084185027,253675221.28977022,174234523.42000002,66839354.41999999,0.7227432726478932,0.8248852707383818,3.485238664297084e-05,0.17507987687497514,0.1751147292616181,42215586.85,46933079.59,0.19468338921875786,46502306.54,0.19289649694382666,0.3693203009290424,2.628983096154911,26412816.72,,,,,,,,,,189710504.98,51363372.860000014,27.074606577751158,208885581.2614386,44789640.02833161,21.442188473637845,0.7223975911783599,64.22815055526087,-45.70842727022192,False,False,False,False
2023,554,NRC,Nuclear Regulatory Commission,nuclear-regulatory-commission,183288400.22,1.0522717084185027,192869198.03279367,144135493.9,39152906.31999999,0.7863863382897937,0.6279774687424025,0.05973888476770731,0.31228364648989027,0.3720225312575976,68187414.60000001,41385900.67,0.2257966168089456,18977688.96,0.10354004365372381,0.32819469283270064,1.2704867318702886,3703655.6083333343,,,,,,,,,,172539161.85,10749238.370000005,6.230028159835996,189978636.7507601,2890561.2820335627,1.5215191199765241,-0.20200415507487784,64.22815055526087,-45.70842727022192,False,False,False,False
2023,1158,CFPB,Consumer Financial Protection Bureau,consumer-financial-protection-bureau,148633405.37,1.0522717084185027,156402727.39674976,132830254.75,15803150.620000005,0.8936769928626711,0.5498509110825737,0.0,0.4501490889174263,0.4501490889174263,66907192.01,16037311.22,0.1078984309084326,7012762.67,0.047181605323129115,0.1520088122434976,0.5446973541379078,0.0,,,,,,,,,,125045669.35,23587736.02000001,18.863297019889966,137684717.71847376,18718009.678276002,13.594834625400495,0.35824779922147454,64.22815055526087,-45.70842727022192,False,False,False,False
2023,1163,USAGM,U.S. Agency for Global Media,us-agency-for-global-media,141265563.51,1.0522717084185027,148649755.8553702,113362304.51,27903258.999999985,0.8024765674896788,0.9405020376017031,0.0,0.05949796239829688,0.05949796239829688,8470855.3,11332602.0,0.08022197143041009,41191412.04,0.2915884877851644,0.519125870296116,4.5276979697982345,29419281.747500002,,,,,,,,,,141531847.89,-266284.37999999523,-0.18814449466310523,155837244.31404,-7187488.4586698115,-4.612176306317207,-0.48663308306867065,64.22815055526087,-45.70842727022192,False,False,False,False
2023,11,GAO,Government Accountability Office,government-accountability-office,131976560.0,1.0522717084185027,138875200.26239702,127507805.00999999,4468754.99000001,0.9661397827765779,0.9231406656510414,0.0,0.07685933434895863,0.07685933434895863,10155677.79,1673487.62,0.012680188209178964,16410615.22,0.12434492321969902,0.2945793030974591,1.5620238969503106,5412568.553333335,,,,,,,,,,101692135.32,30284424.680000007,29.78049834896515,111970714.52777213,26904485.734624892,24.028145080695868,0.8423967117330203,64.22815055526087,-45.70842727022192,False,False,False,False
2023,89,PC,Peace Corps,peace-corps,126872247.95,1.0522717084185027,133504077.10124238,122023335.76,4848912.189999998,0.9617811438801736,0.8278498268698801,0.0,0.1721501731301199,0.1721501731301199,21841079.45,8581673.62,0.06764027404465958,13395148.8,0.10557981762314948,0.2640947352269248,1.2984702455711303,2822461.470833333,,,,,,,,,,146158049.97,-19285802.019999996,-13.195169218499117,160931041.89059255,-27426964.789350167,-17.042681428730283,-1.0634601182433956,64.22815055526087,-45.70842727022192,False,False,False,False
2023,552,FTC,Federal Trade Commission,federal-trade-commission,112541952.24,1.0522717084185027,118424712.35233833,81444304.32,31097647.92,0.7236795052774357,0.5101402816219709,0.0,0.4898597183780291,0.4898597183780291,55129769.03,10093381.13,0.08968549886601826,13827869.84,0.1228685798031257,0.28270008798276375,1.5408801312020297,4449373.82,,,,,,,,,,90205636.56,22336315.679999992,24.76155208454525,99323212.63854179,19101499.71379654,19.231657138710307,0.6198197615945892,64.22815055526087,-45.70842727022192,False,False,False,False
2023,1154,MCC,Millennium Challenge Corporation,millennium-challenge-corporation,90909855.49,1.0522717084185027,95661868.94854149,86542646.35,4367209.140000001,0.9519611034858548,0.26521113811089614,0.0,0.7347888618891039,0.7347888618891039,66799549.25,5123818.43,0.05636152870756257,24983126.08,0.2748120756032674,0.42873870616027304,4.16848203057249,17407304.789166663,,,,,,,,,,110069411.09,-19159555.60000001,-17.406793958708377,121194727.28757316,-25532858.339031667,-21.067631332216965,-1.2502345008361697,64.22815055526087,-45.70842727022192,False,False,False,False
2023,1129,CFTC,Commodity Futures Trading Commission,commodity-futures-trading-commission,87486611.11,1.0522717084185027,92059685.73646486,67676894.12,19809716.989999995,0.7735685867967552,0.7803121745585238,0.0,0.2196878254414763,0.2196878254414763,19219743.35,17362125.34,0.19845465631501016,2800989.41,0.032016206531056704,0.1543103577646397,0.3638266200506621,0.0,,,,,,,,,,82606078.1,4880533.010000005,5.9082008518692835,90955525.3224665,1104160.4139983654,1.213956392515752,-0.2162763422840336,64.22815055526087,-45.70842727022192,False,False,False,False
2023,1522,DFC,U.S. International Development Finance Corporation,us-international-development-finance-corporation,78408074.71,1.0522717084185027,82506598.72889729,73582134.00999999,4825940.700000003,0.9384509730936613,0.6100426744862263,0.003915432771828383,0.3860418927419453,0.38995732551377366,30585368.68,7169932.45,0.09144380188543978,9523764.56,0.12146407873455103,0.380057485153368,1.5208312303901323,2989758.3341666665,,,,,,,,,,50306897.04,28101177.669999994,55.85949307836696,55391689.726236194,27114909.002661094,48.95122199137059,1.9989309330089242,64.22815055526087,-45.70842727022192,False,False,False,False
2023,48,EOP,Executive Office of the President,executive-office-of-the-president,77299042.68,1.0522717084185027,81339595.69999836,57153475.480000004,20145567.200000003,0.7393814140312456,0.6964090849639303,0.026944182898521688,0.27664673213754815,0.30359091503606983,23577088.78,17621663.48,0.22796742196342035,32729485.38,0.423413851520677,0.7308189975115483,8.07780828417607,26287898.49,,,,,,,,,,55980460.14,21318582.540000007,38.0821852601514,61638710.818146154,19700884.88185221,31.961870422592227,1.210554499513109,64.22815055526087,-45.70842727022192,False,False,False,False
2023,693,RRB,Railroad Retirement Board,railroad-retirement-board,65461149.07,1.0522717084185027,68882915.16692717,46745219.71,18715929.36,0.7140910352797754,0.5624083311288934,0.43729852510364053,0.0002931437674660162,0.43759166887110656,28660885.8,2388082.39,0.03648091156246488,10915393.93,0.16600844824297678,0.33487626379123014,2.1895820489135627,5436057.363333333,,,,,,,,,,52398811.06,13062338.009999998,24.928691597682974,57695044.915042005,11187870.251885168,19.3913884084148,0.627231955533692,64.22815055526087,-45.70842727022192,False,False,False,False
2023,611,EEOC,Equal Employment Opportunity Commission,equal-employment-opportunity-commission,63561516.23,1.0522717084185027,66883985.27301248,32291456.86,31270059.369999997,0.5080347162133769,0.9394225459306669,0.006384193204763014,0.054193260864570166,0.060577454069333174,3850394.83,1000976.92,0.015748159883063887,10935547.97,0.1720466819958993,0.8077357282387786,2.2857731961471757,5638754.950833335,,,,,,,,,,62486542.8,1074973.4299999997,1.7203279007460142,68802398.76632984,-1918413.4933173582,-2.7882944893139125,-0.4019973960510807,64.22815055526087,-45.70842727022192,False,False,False,False
2023,1166,CNCS,Corporation for National and Community Service,corporation-for-national-and-community-service,61915229.46,1.0522717084185027,65151644.28099781,52292809.809999995,9622419.649999999,0.8445871922962587,0.5560131671455751,0.0,0.4439868328544248,0.4439868328544248,27551704.79,13233512.06,0.21373597700303185,21830197.74,0.3525820372531007,0.4736428078482002,5.990569667434954,16670595.285,,,,,,,,,,28355331.41,33559898.05,118.35480800680931,31221359.53442855,33930284.74656926,108.67651265843665,4.77043233228147,64.22815055526087,-45.70842727022192,True,False,True,False
2023,559,NGA,National Gallery of Art,,56650291.51,1.0522717084185027,59611499.029633895,50517269.66,6133021.8500000015,0.8917389180792231,0.5628641429739396,0.07940608741979623,0.35772976960626407,0.4371358570260603,24763873.73,7218.0,0.00012741328963375003,16449371.85,0.29036694095557003,0.6246968666304751,4.500968930072482,11728514.224166665,,,,,,,,,,51170351.57,5479939.939999998,10.70920908663985,56342418.31878771,3269080.7108461857,5.802166127036992,-0.003364365509116682,64.22815055526087,-45.70842727022192,False,False,False,False
2023,694,CPSC,Consumer Product Safety Commission,consumer-product-safety-commission,52138540.15,1.0522717084185027,54863910.7180872,39037068.3,13101471.850000001,0.7487180919851665,1.0,0.0,0.0,0.0,0.0,4908005.43,0.09413392503664106,18675063.11,0.35818154969956517,0.5309163242845417,6.13880302887975,14330184.764166666,,,,,,,,,,47842446.22,4296093.93,8.979670291616623,52678143.40954593,2185767.308541268,4.149286909274749,-0.08006482211120763,64.22815055526087,-45.70842727022192,False,False,False,False
2023,878,EXIM,Export-Import Bank of the United States,export-import-bank-of-the-united-states,48742814.0,1.0522717084185027,51290684.16090531,44196094.47,4918682.380000003,0.8998533090148815,0.9521712078420421,0.0,0.047828792157957885,0.047828792157957885,2331309.92,8807598.0,0.1806953123387583,7493919.0,0.15374407805015114,0.4331130449300691,1.9984319337524072,3432017.8333333335,,,,,,,,,,47585186.55,1157627.450000003,2.4327475290732115,52394881.10043584,-1104196.939530529,-2.10745194251685,-0.3704034757861962,64.22815055526087,-45.70842727022192,False,False,False,False
2023,1523,DC COURTS,District of Columbia Courts,district-of-columbia-courts,36852556.33,1.0522717084185027,38778902.408958204,22945562.830000002,13906993.499999996,0.6226315109468012,0.9791288161094578,0.0,0.020871183890542336,0.020871183890542336,769156.48,0.0,0.0,3914162.91,0.10621143550939117,0.1919444322032463,1.30716126500137,843116.5491666668,,,,,,,,,,40421520.2,-3568963.870000005,-8.829365774323362,44507143.88925446,-5728241.480296254,-12.870386593553684,-0.8698483192095575,64.22815055526087,-45.70842727022192,False,False,False,False
2023,697,NLRB,National Labor Relations Board,national-labor-relations-board,30688482.68,1.0522717084185027,32292622.09845523,23883968.439999998,6804514.239999998,0.778271401979917,0.9778808275704558,0.0,0.02211917242954418,0.02211917242954418,678803.8400000001,13540456.65,0.441222747673493,14040571.91,0.44774636750722263,0.6652585895492049,8.918384149594276,11427378.941666666,,,,,,,,,,20826429.79,9862052.89,47.35354542013416,22931470.730855525,9361151.367599707,40.82228949669493,1.6217147230590432,64.22815055526087,-45.70842727022192,False,False,False,False
2023,1528,CSOSA,Court Services and Offender Supervision Agency,court-services-and-offender-supervision-agency,29428732.95,1.0522717084185027,30967023.097888384,19324240.16,10104492.79,0.6566453334172513,0.8633773490407781,0.0,0.1366226509592218,0.1366226509592218,4020631.51,7573238.12,0.25734163046934716,28714584.0,0.6946608140882686,0.8597596704341236,25.02551034238992,25269907.185833335,,,,,,,,,,47336503.54,-17907770.59,-37.83078438581271,52121062.34116802,-21154039.24327964,-40.58635471551208,-2.155984285636231,64.22815055526087,-45.70842727022192,False,False,False,False
2023,90,USTDA,United States Trade and Development Agency,united-states-trade-and-development-agency,25834919.75,1.0522717084185027,27185355.142187417,18410448.9,7912600.079999998,0.6994041197122751,1.0,0.0,0.0,0.0,0.0,8104251.67,0.31369370404179403,11646489.22,0.4255664919450749,0.5855270211307174,8.149300738473324,9365903.725833334,,,,,,,,,,18185643.68,7649276.07,42.06216840381863,20023765.95387105,7161589.188316368,35.765445944656925,1.3870561919101292,64.22815055526087,-45.70842727022192,False,False,False,False
2023,1130,NTSB,National Transportation Safety Board,national-transportation-safety-board,17947208.52,1.0522717084185027,18885339.77068351,15520699.1,2426509.42,0.8647973907866536,0.6336844538985721,0.00017936828428848054,0.3661361778171395,0.36631554610142797,6574341.49,950096.7,0.05293841094793275,5057377.2,0.28179185606297286,0.6854616157320939,4.315894275022988,3561776.49,,,,,,,,,,12814944.94,5132263.58,40.04904901292537,14110221.376024676,4775118.394658832,33.84155547532694,1.2977796883009907,64.22815055526087,-45.70842727022192,False,False,False,False
2023,1128,FEC,Federal Election Commission,federal-election-commission,17511776.98,1.0522717084185027,18427147.480188407,16626994.68,884782.3000000007,0.9494750132433447,1.0,0.0,0.0,0.0,0.0,397944.32,0.022724382594324244,2605174.0,0.14876696996400418,0.39073726885710947,1.9224308877380456,1145859.2516666667,,,,,,,,,,13577706.98,3934070.0,28.974480048765937,14950079.938977519,3477067.541210888,23.25785250248431,0.8066519387144472,64.22815055526087,-45.70842727022192,False,False,False,False
2023,560,USITC,International Trade Commission,international-trade-commission,15652945.02,1.0522717084185027,16471151.197976293,12477179.99,3175765.0299999993,0.7971138960788352,0.5639031044140216,0.0,0.43609689558597836,0.43609689558597836,6826200.7299999995,7994296.56,0.5107215638837017,3010210.67,0.19061244000609964,0.5951625111311615,2.590522691110915,1694184.8683333334,,,,,,,,,,14773396.72,879548.2999999989,5.95359561968088,16266624.567724194,204526.63025209866,1.2573390957698438,-0.21426320477678928,64.22815055526087,-45.70842727022192,False,False,False,False
2023,1474,IMLS,Institute of Museum and Library Services,institute-of-museum-and-library-services,12719460.59,1.0522717084185027,13384328.525201116,10880006.96,1839453.629999999,0.85538273286163,0.9944966219672056,0.005503378032794392,0.0,0.005503378032794392,70000.0,1893776.46,0.1488881109855304,6733113.69,0.5293552853407599,0.7035141888827535,12.37219490069979,5673158.640833334,,,,,,,,,,9241108.21,3478352.379999999,37.63999188144989,10175157.459779078,3209171.0654220376,31.53927669529858,1.1909443964322046,64.22815055526087,-45.70842727022192,False,False,False,False
2023,558,KENNEDY CENTER,John F. Kennedy Center for the Performing Arts,john-f-kennedy-center-for-the-performing-arts,8661193.45,1.0522717084185027,9113928.828574644,8661193.45,0.0,1.0,1.0,0.0,0.0,0.0,0.0,8467093.45,0.9775896934850243,0.0,0.0,0.0,0.0,0.0,,,,,,,,,,-650545.64,9311739.09,,-716299.8388667017,9830228.667441346,,,64.22815055526087,-45.70842727022192,False,False,False,False
2023,1125,FMCS,Federal Mediation and Conciliation Service,federal-mediation-and-conciliation-service,7930453.83,1.0522717084185027,8344992.200228158,4262427.640000001,3673583.3899999997,0.537099510558518,0.6836789881418426,0.0,0.3163210118581575,0.3163210118581575,2508569.18,5008642.35,0.6315707092389692,5711781.85,0.7194465259304055,0.8622443794799782,25.64382880362902,5050187.410833333,,,,,,,,,,4887463.09,3042990.74,62.26115029341327,5381465.662937887,2963526.5372902714,55.06913400377255,2.2828274450831327,64.22815055526087,-45.70842727022192,False,False,False,False
2023,1067,SSS,Selective Service System,selective-service-system,6819393.47,1.0522717084185027,7175854.817054881,6656772.73,162620.74000000022,0.9761531959234492,1.0,0.0,0.0,0.0,0.0,4078616.57,0.5980908108533001,591585.97,0.08675052592323873,0.714566789764662,1.0449015436010183,23303.18083333329,,,,,,,,,,5302075.7,1517317.7699999996,28.61742939656632,5837985.432611699,1337869.3844431816,22.91662766011165,0.7908176896460895,64.22815055526087,-45.70842727022192,False,False,False,False
2023,1137,DNFSB,Defense Nuclear Facilities Safety Board,defense-nuclear-facilities-safety-board,6718345.93,1.0522717084185027,7069525.3495075945,3627169.34,3091176.59,0.5398902315826419,0.8258029086037254,0.0,0.1741970913962747,0.1741970913962747,1170316.32,1564842.13,0.2329207436330984,447431.11,0.06659840303876702,0.128149986465493,0.7135021330109534,0.0,,,,,,,,,,7481001.09,-762655.1600000001,-10.19456020424133,8237146.705538783,-1167621.3560311887,-14.175070540458655,-0.9303910699282152,64.22815055526087,-45.70842727022192,False,False,False,False
2023,610,MSPB,Merit Systems Protection Board,merit-systems-protection-board,4934015.12,1.0522717084185027,5191924.519685124,3267395.4499999997,1666619.6700000004,0.6622183699347884,1.0,0.0,0.0,0.0,0.0,1025440.86,0.20783091155180733,786400.12,0.15938340294344294,0.36437032442656964,2.0856326635910034,375232.1933333333,,,,,,,,,,3885597.79,1048417.3300000001,26.982137283951875,4278336.368341216,913588.1513439082,21.353817762069088,0.7182968233456372,64.22815055526087,-45.70842727022192,False,False,False,False
2023,687,NEA,National Endowment for the Arts,national-endowment-for-the-arts,4908630.01,1.0522717084185027,5165212.4866170315,4560732.63,347897.3799999999,0.9291253609884522,1.0,0.0,0.0,0.0,0.0,3893791.05,0.7932541344667369,2060928.5,0.41985818768198424,0.6925253305045903,7.237164754672621,1651875.9991666668,,,,,,,,,,3365907.23,1542722.7799999998,45.833787878936874,3706117.8466883064,1459094.639928725,39.36989324914574,1.5543175084549388,64.22815055526087,-45.70842727022192,False,False,False,False
2023,699,FMC,Federal Maritime Commission,federal-maritime-commission,4421830.58,1.0522717084185027,4652967.218753778,2571627.98,1850202.5900000003,0.5815754220542194,0.7622514858993082,0.04041855443498245,0.1973299596657093,0.23774851410069173,1051283.65,476829.39,0.10783529159997804,2940589.14,0.5545515209534009,0.5817596811878585,13.69421384835231,2498702.1633333336,,,,,,,,,,4854941.07,-433110.4900000002,-8.921024658286948,5345656.464853615,-692689.2460998362,-12.957982815657887,-0.8739131475163147,64.22815055526087,-45.70842727022192,False,False,False,False
2023,1139,ABILITYONE,Committee for Purchase from People Who Are Blind or Severely Disabled,committee-for-purchase-from-people-who-are-blind-or-severely-disabled,4079143.84,1.0522717084185027,4292367.657401611,3492641.8699999996,586501.9700000002,0.8562193457733032,1.0,0.0,0.0,0.0,0.0,1452873.37,0.3561711542881018,2012828.89,0.4876611684248645,0.6316787794465814,8.566499834358412,1668869.2891666666,,,,,,,,,,2065656.6,2013487.2399999998,97.474441782821,2274443.788039128,2017923.8693624833,88.7216417470665,3.8444434917840917,64.22815055526087,-45.70842727022192,True,False,True,False
2023,1132,CIGIE,Council of the Inspectors General on Integrity and Efficiency,council-of-the-inspectors-general-on-integrity-and-efficiency,2820852.78,1.0522717084185027,2968303.5740076825,2820852.78,0.0,1.0,0.9104679294890391,0.08953207051096086,0.0,0.08953207051096086,252556.79,0.0,0.0,180243.83,0.0638969290697971,0.13081044236558845,0.7508427667792309,0.0,,,,,,,,,,2962486.14,-141633.36000000034,-4.780895278720202,3261920.785030297,-293617.2110226145,-9.001359333129463,-0.6903093944705562,64.22815055526087,-45.70842727022192,False,False,False,False
2023,685,FLRA,Federal Labor Relations Authority,federal-labor-relations-authority,2518056.56,1.0522717084185027,2649679.678285618,2076142.62,441913.93999999994,0.82450198020969,0.8571099610712423,0.0,0.1428900389287577,0.1428900389287577,360233.87,577352.43,0.22928493313907136,1367149.71,0.5429384437655363,0.6028945553153102,13.066780174259975,1157311.6633333333,,,,,,,,,,1743358.55,774698.01,44.437101593358406,1919569.3148475897,730110.3634380281,38.035113282481156,1.4923781774945661,64.22815055526087,-45.70842727022192,False,False,False,False
2023,1162,CSB,United States Chemical Safety Board,united-states-chemical-safety-board,2423077.79,1.0522717084185027,2549736.20571423,1957065.35,466012.43999999994,0.8076774745230115,0.7320650815754454,0.0,0.2679349184245546,0.2679349184245546,649227.15,102862.0,0.042450968938970796,2161361.4,0.8919900999133833,0.9105954415107738,16.516821128397805,1959438.2508333332,,,,,,,,,,1045993.01,1377084.78,131.65334441384078,1151717.2331194107,1398018.9725948193,121.3856085845224,5.360187137142698,64.22815055526087,-45.70842727022192,True,False,True,False
2023,1135,OSHRC,Occupational Safety and Health Review Commission,occupational-safety-and-health-review-commission,1791615.14,1.0522717084185027,1885265.9241962547,1791615.14,0.0,1.0,1.0,0.0,0.0,0.0,0.0,0.0,0.0,1118898.32,0.6200007625760395,0.962347301032998,14.684258055388703,968508.9458333334,,,,,,,,,,1236778.16,554836.98,44.86147944268356,1361786.0796390176,523479.8445572371,38.44068113076917,1.5111982091172838,64.22815055526087,-45.70842727022192,False,False,False,False
2023,1155,UDALL,Morris K. Udall and Stewart L. Udall Foundation,morris-k-udall-and-stewart-l-udall-foundation,1772271.78,1.0522717084185027,1864911.4537225007,313302.78,1458969.0,0.17678032429089405,0.5367890245366318,0.0,0.46321097546336826,0.46321097546336826,820935.74,0.0,0.0,334072.83,0.18174280862577455,0.27415723477517423,1.9989867426461752,180892.61500000002,,,,,,,,,,1107817.74,664454.04,59.97864233515524,1219790.9260535103,645120.5276689904,52.887795268013825,2.1816042732756764,64.22815055526087,-45.70842727022192,False,False,False,False
2023,1127,FMSHRC,Federal Mine Safety and Health Review Commission,federal-mine-safety-and-health-review-commission,859945.43,1.0522717084185027,904896.2467727839,0.0,859945.43,0.0,0.0,1.0,0.0,1.0,942765.48,0.0,0.0,28376.67,0.024880477930280698,0.19125795035734108,0.25515311064095164,0.0,,,,,,,,,,1665734.07,-805788.64,-48.37438667505912,1834098.9049373618,-929202.6581645779,-50.66262542675211,-2.6235650719956345,64.22815055526087,-45.70842727022192,False,False,False,False
2023,1153,FHFA,Federal Housing Finance Agency,,723145.75,1.0522717084185027,760945.8137880794,723145.75,0.0,1.0,0.506015792805254,0.0,0.493984207194746,0.493984207194746,357222.58,357222.58,0.493984207194746,348912.87,0.4373266582040583,0.9786793257180553,3.1089204035023115,282426.93333333335,,,,,,,,,,992056.0,-268910.25,-27.106357907214917,1092328.5151011767,-331382.70131309726,-30.33727461398396,-1.6803844262569783,64.22815055526087,-45.70842727022192,False,False,False,False
2023,1475,NEH,National Endowment for the Humanities,national-endowment-for-the-humanities,657244.35,1.0522717084185027,691599.6350229083,641244.35,16000.0,0.9756559337482323,0.8136210528093547,0.0,0.1863789471906453,0.1863789471906453,122496.51,301507.44,0.4587448184225547,0.0,0.0,0.07577090620862698,0.0,0.0,,,,,,,,,,3605567.22,-2948322.87,-81.77140211519895,3970001.5800721706,-3278401.945049262,-82.57936121500647,-4.104634095007297,64.22815055526087,-45.70842727022192,False,True,True,False
2023,1136,ACUS,Administrative Conference of the U.S.,administrative-conference-of-the-us,93328.0,1.0522717084185027,98206.41400328201,93328.0,0.0,1.0,0.2678724498542774,0.0,0.7321275501457226,0.7321275501457226,68328.0,0.0,0.0,0.0,0.0,0.2678724498542774,0.0,0.0,,,,,,,,,,154770.79,-61442.79000000001,-39.69921585332736,170414.31856844376,-72207.90456516175,-42.37197036712662,-2.238844263741646,64.22815055526087,-45.70842727022192,False,False,False,False
2024,1173,DOD,Department of Defense,department-of-defense,446045331581.31,1.0261971514633745,457730448692.2767,258700400171.12,187344852406.95,0.579986892979744,0.6739939661430068,0.3168165566969177,0.009189477160075545,0.3260060338569933,145413466209.19,30187692602.27,0.06767853055484128,78221700176.36,0.1753671536008463,0.3532010874574779,2.339269770823052,41051255877.9175,46.45079125099406,-0.005409010984748075,unconcentrated,0.4175991819734777,0.03218743046291213,0.08871507607207538,0.16923772665402123,0.4821552083219281,100.0,456946274497.38,-10900942916.070007,-2.385607132492883,480831636920.8281,-23101188228.551453,-4.804423514327782,-0.05532475329404647,40.79038191981468,-50.040859438000695,False,False,False,True
2024,561,VA,Department of Veterans Affairs,department-of-veterans-affairs,66875573383.34,1.0261971514633745,68627522908.46337,61629354128.43,5246219254.910004,0.9215525342139804,0.9788887487385384,0.001258199751315502,0.01985305151014603,0.02111125126146153,1411827032.9499998,7088735044.77,0.10599886754071468,11116484327.81,0.16622637781494268,0.3426970076969737,2.193029507424898,5543519879.198333,1250.260990829413,0.11618797887165788,unconcentrated,0.8099796990523531,0.3012006322306614,0.5803425637594386,0.6623358810376124,0.8325626048827344,100.0,61679756215.09,5195817168.25,8.423861388380196,64903862447.28951,3723660461.1738586,5.73719393695246,0.595168564623614,40.79038191981468,-50.040859438000695,False,False,False,True
2024,930,DOE,Department of Energy,department-of-energy,46043810154.91,1.0261971514633745,47250026823.489044,44504966540.24,1538943193.6200027,0.966576617786906,0.031885350908557056,0.9326182803059105,0.03549636878553241,0.9681146490914431,44575760491.740005,955728086.39,0.020756928741877446,2699625099.41,0.05863166167889601,0.168304035523516,0.6851178781072007,0.0,520.8749591826471,0.042512622139661324,unconcentrated,0.7855323251282798,0.11213127736148994,0.369002422053862,0.6250121609601674,0.9777717526311,100.0,44603688671.33,1440121483.5800018,3.228704904188051,46935199679.94743,314827143.5416107,0.6707697968442164,0.2825338988231686,40.79038191981468,-50.040859438000695,False,False,False,True
2024,806,HHS,Department of Health and Human Services,department-of-health-and-human-services,29868609670.72,1.0261971514633745,30651082162.264267,27127222599.929996,2758397943.140003,0.9077015001523991,0.5169794474224476,0.29416047143270063,0.1888600811448518,0.48302055257755244,14428276979.76,3389474524.97,0.1134794877410273,7932807818.53,0.2655901264231418,0.43206854162351477,3.978012137045182,5443757012.636666,130.3965576903612,0.0030703593626627457,unconcentrated,0.47557590446070575,0.08661913915585459,0.17031827073916062,0.2547054365964605,0.6221993905835529,100.0,33358493748.86,-3489884078.1399994,-10.46175557090093,35102199207.38086,-4451117045.116592,-12.680450643048788,-0.5413320517612304,40.79038191981468,-50.040859438000695,False,False,False,True
2024,614,GSA,General Services Administration,general-services-administration,26502128197.23,1.0261971514633745,27196408463.714603,23622097758.52,2880030439.489998,0.8913283334088522,0.4525565277177423,0.45419111788572053,0.09325235439653708,0.5474434722822576,14508660205.09,1564362088.65,0.0590277911648434,5707341137.29,0.21535406873047014,0.41578611163731855,3.019062052870627,3498830454.1875,230.6595178420311,0.013197931095154656,unconcentrated,0.5938568976942065,0.10952068828281392,0.22782872514785754,0.36780496940728025,0.7534733573897328,100.0,23918425153.58,2583703043.6499977,10.802145321274551,25168682099.037716,2027726364.6768875,8.056545657408158,0.7382891818372497,40.79038191981468,-50.040859438000695,False,False,False,True
2024,766,DHS,Department of Homeland Security,department-of-homeland-security,23607875688.36,1.0261971514633745,24226334783.496487,20714549776.16,2891260288.6899986,0.8775191242856265,0.7445962430471686,0.048861950195958286,0.20654180675687306,0.25540375695283135,6030629485.18,3697736960.86,0.15663149915192034,4811231156.35,0.20379771648502054,0.42966430841175995,2.815584591692583,2843908182.3200006,87.2878668394375,-0.0012840538546022736,unconcentrated,0.4184861965865385,0.0660775518069651,0.12466255281372358,0.20148359699578006,0.5936617774402388,100.0,23898006655.76,-290130967.3999977,-1.214038357170133,25147196291.453323,-920861507.9568367,-3.661885393839337,0.015178033994414251,40.79038191981468,-50.040859438000695,False,False,False,True
2024,862,NASA,National Aeronautics and Space Administration,national-aeronautics-and-space-administration,15016134539.27,1.0261971514633745,15409514490.189667,9691223903.800001,5324910635.469999,0.6453873917056109,0.3282187766134067,0.6652667607193895,0.006514462667203812,0.6717812233865934,10087568073.34,1359010213.1,0.09050333223546539,1983600684.45,0.13209795631908552,0.35904120274498413,1.674241384830944,732256139.5108333,464.23331882943415,0.03679124432620547,unconcentrated,0.6732397156679633,0.14488406866563444,0.36357913954102145,0.5230830728592987,0.8905038090608416,100.0,16129104644.29,-1112970105.0200005,-6.900383682574794,16972200499.307846,-1562686009.1181793,-9.20732705922198,-0.327015444843646,40.79038191981468,-50.040859438000695,False,False,False,True
2024,315,DOS,Department of State,department-of-state,11655552530.72,1.0261971514633745,11960894805.75659,8903733467.65,2751823002.01,0.7639046227288132,0.6714101280765228,0.05085704078472732,0.27773283113874986,0.32858987192347716,3834666401.7200003,1128895370.44,0.09685472803323762,4029227247.07,0.3456916552390247,0.5289619526015853,5.811645591985227,3057931202.8433332,229.29441840986095,0.013060042263622318,unconcentrated,0.5347408297589855,0.09564511516565019,0.2429950374145878,0.36390775898961064,0.7531223293485301,100.0,11664005479.54,-8452948.820001602,-0.0724703776488192,12273702972.958334,-312808167.2017441,-2.5486046704155156,0.08387543028114684,40.79038191981468,-50.040859438000695,False,False,False,True
2024,95,USDA,Department of Agriculture,department-of-agriculture,11597506288.99,1.0261971514633745,11901327917.840109,10450632074.01,1146957600.3099995,0.9011037954852245,0.9760979696578351,0.0049727390334781164,0.01892929130868689,0.023902030342165006,277251604.18,2523250196.74,0.21756834045741602,2212805050.92,0.19080007337617994,0.4657010403596305,2.593673995862418,1246346193.5041666,30.564909760079978,-0.0070136454787798,unconcentrated,0.3012315099083467,0.020560529442124244,0.05676624317634528,0.10829285435631145,0.46983455050788614,100.0,11456729967.07,140776321.92000008,1.2287652962462456,12055592815.338205,-154264897.49809647,-1.2796127064098153,0.16218132564226773,40.79038191981468,-50.040859438000695,False,False,False,True
2024,252,DOJ,Department of Justice,department-of-justice,9399809214.82,1.0261971514633745,9646057440.547462,8209759051.95,1189901602.87,0.8734101531357052,0.6734744429807218,0.007055820045234221,0.319469736974044,0.3265255570192782,3069302231.75,989067749.14,0.10522210893180772,1467762076.71,0.15614807100508865,0.3193428415799482,2.0354622914730967,684444642.1416668,112.75645532357831,0.0012885308407654852,unconcentrated,0.4832193669231255,0.058941060888394785,0.15398934134831993,0.2504060629335947,0.653866154370421,100.0,9960834896.24,-561025681.4200001,-5.632315837618944,10481504753.541103,-835447312.9936409,-7.970681048552603,-0.25070552653293493,40.79038191981468,-50.040859438000695,False,False,False,True
2024,456,TREAS,Department of the Treasury,department-of-the-treasury,9291332007.11,1.0261971514633745,9534738438.996761,8124408737.57,1166923269.540001,0.8744073219375826,0.9172646065816363,0.02968668177082964,0.05304871164753394,0.08273539341836358,768722534.63,1486161390.0,0.1599513814448505,1484016578.15,0.15972054136203367,0.3295231618089947,2.0908829043973336,709738910.8908334,222.24174084325767,0.012347650590228049,unconcentrated,0.6148856721969271,0.07561375238473732,0.21082474812664492,0.4156220436127917,0.8063729754524632,100.0,10257934018.66,-966602011.5499992,-9.422969671979494,10794133754.659636,-1259395315.6628742,-11.667405132155377,-0.47881988618244486,40.79038191981468,-50.040859438000695,False,False,False,True
2024,731,DOT,Department of Transportation,department-of-transportation,8564937483.21,1.0261971514633745,8789314447.731987,7026154642.45,1538800081.0,0.8203376280802842,0.6042585853902029,0.1666893974893238,0.22905201712047327,0.39574141460979706,3389500475.65,1058724641.28,0.12361148500563335,1118968677.05,0.1306452824954688,0.3110466249126129,1.6530629885753927,405223886.7825,104.88843942035322,0.0004937817596316386,unconcentrated,0.4615919274236986,0.05359544640458468,0.14509171595894188,0.24553987532689112,0.6672690087830117,100.0,8692390255.63,-127452772.41999912,-1.4662569060040633,9146756344.532125,-357441896.8001385,-3.907854143439767,0.0,40.79038191981468,-50.040859438000695,False,False,False,True
2024,209,DOI,Department of the Interior,department-of-the-interior,8121263990.93,1.0261971514633745,8334017973.774443,7353650654.37,767654639.0900002,0.9054764460451715,0.6786534251060753,0.016149619858181634,0.305196955035743,0.32134657489392465,2609766688.06,1698936449.68,0.2091960625313262,2052349033.8,0.25271300577005096,0.496259994615503,3.7199136140929143,1375577034.5558333,76.16676123002544,-0.002407397855552986,unconcentrated,0.49689415288903693,0.04406392903366518,0.1277030174118544,0.22667931825094978,0.5281198994934836,100.0,7631701517.55,489562473.3800001,6.4148535192865355,8030623594.012419,303394379.7620239,3.7779678777154095,0.47427028068246485,40.79038191981468,-50.040859438000695,False,False,False,True
2024,801,USAID,Agency for International Development,agency-for-international-development,7444753388.62,1.0261971514633745,7639784720.749148,7207516911.68,237254594.30999947,0.9681313799732999,0.1352777554243047,0.7880306576021427,0.07669158697355244,0.8647222445756952,6437643860.5199995,369958393.91,0.049693841366930426,1881824195.21,0.25277186455719863,0.44377646644282087,3.7210730943388373,1261428079.4916668,795.3493259223084,0.07023730564871802,unconcentrated,0.6964301710189482,0.20287326280393622,0.48352343836432476,0.5922980153056985,0.9286645639892119,100.0,6684456104.63,760297283.9899998,11.37410841045659,7033864045.0675,605920675.6816483,8.614335901282459,0.7727088359479032,40.79038191981468,-50.040859438000695,False,False,False,True
2024,183,DOC,Department of Commerce,department-of-commerce,5185009413.32,1.0261971514633745,5320841890.259767,4202879991.1,982133839.7400002,0.8105822140920135,0.5944018290057956,0.12947708076515407,0.2761210902290503,0.40559817099420437,2103031715.8300002,1226493677.3,0.23654608497897925,1257510276.09,0.24252806038491004,0.47551416965920085,3.521990089282594,825426158.3133333,119.60127408298324,0.001979926675048811,unconcentrated,0.5001840873335666,0.056749629083429426,0.16301429675684861,0.2822567169734235,0.6611291073346484,100.0,5025752200.72,159257212.59999943,3.168823416665547,5288456854.3396845,32385035.920082092,0.6123721307002263,0.27893034445551906,40.79038191981468,-50.040859438000695,False,False,False,True
2024,1068,ED,Department of Education,department-of-education,2724859964.87,1.0261971514633745,2796243534.0861845,2669121369.17,55738595.69999981,0.9795444182752125,0.8583390831929415,0.12453415584283359,0.01712676096422497,0.14166091680705856,386006160.79999995,108176706.11,0.03969991394224216,331795420.92,0.12176604493355299,0.21899681965435225,1.5251363108224867,104723757.18083337,649.569024242842,0.05551202265079212,unconcentrated,0.7676971992186852,0.1494973528591715,0.438874850094197,0.6964087781481766,0.9823461742510886,100.0,2445985962.83,278874002.03999996,11.40129200567216,2573841827.8748,222401706.2113843,8.640845906021333,0.7743446931605465,40.79038191981468,-50.040859438000695,False,False,False,True
2024,700,EPA,Environmental Protection Agency,environmental-protection-agency,2212865855.25,1.0261971514633745,2270836637.228114,2064698652.52,148242104.75999975,0.9330112637347738,0.4879278257461269,0.1679881488944633,0.34408402535940974,0.5120721742538731,1133265937.49,269550314.75,0.12181050835526014,587909240.16,0.2656777584439616,0.4653024668382686,3.9797995723115465,403503752.22249997,212.60840617500207,0.01137458648232344,unconcentrated,0.5621939170272277,0.078522903630943,0.2066167727452895,0.36695967452046935,0.8671859447726005,100.0,1863311252.45,349554602.79999995,18.759861098911056,1960709714.9309816,310126922.2971325,15.817074803857398,1.2171694273594766,40.79038191981468,-50.040859438000695,False,False,False,True
2024,267,DOL,Department of Labor,department-of-labor,2189866927.54,1.0261971514633745,2247235203.1254,2079149831.25,110724742.38999987,0.9494378610890241,0.7504216244784151,0.0025204277042532035,0.24705794781733165,0.24957837552158485,547829223.88,667904907.29,0.30499794251895246,276404903.78,0.12621995442001632,0.5319855431483612,1.58898055139105,93915993.15166664,240.05710058960616,0.014147181877737997,unconcentrated,0.5428554803397587,0.08636220586355493,0.23511350715195248,0.4028301104446388,0.8655886061576117,100.0,2478804629.44,-288937701.9000001,-11.656332188038375,2608375982.256522,-361140779.1311221,-13.845426487123877,-0.6132194073410232,40.79038191981468,-50.040859438000695,False,False,False,True
2024,539,SSA,Social Security Administration,social-security-administration,1874810926.29,1.0261971514633745,1923925632.0912087,1613782746.01,261028180.27999997,0.8607709307537802,0.9104646400857622,0.0217195227744564,0.06781583713978133,0.08953535991423774,167909336.47,52333158.53,0.02791383269435085,571418726.56,0.3047873887159177,0.4717515178664966,4.822497781912515,415184482.7025,453.63417515500174,0.03572062375303048,unconcentrated,0.6705190545508246,0.16852092862783377,0.3196022532339965,0.501554673676224,0.894891627552037,100.0,1937692238.12,-62881311.82999992,-3.2451650779697103,2038978721.7958045,-115053089.7045958,-5.642682215107388,-0.10705132049908676,40.79038191981468,-50.040859438000695,False,False,False,True
2024,882,HUD,Department of Housing and Urban Development,department-of-housing-and-urban-development,1525527557.97,1.0261971514633745,1565492034.467692,476103158.36,1116207262.2399998,0.2990014711959237,0.44064157874627446,3.45584074142645e-05,0.5593238628463113,0.5593584212537256,853384620.6700001,161145524.09,0.10563265360111507,0.0,0.0,0.42195899840610285,0.0,0.0,2412.791798057375,0.23361533313710858,moderately concentrated,0.7631149773459558,0.47918075676242583,0.5946529104312908,0.7517006311285208,1.1045125704331167,100.0,431141789.9,1094385768.0700002,253.83430549004183,453678307.82868415,1111813726.6390078,245.0665388786553,15.363503726253056,40.79038191981468,-50.040859438000695,True,False,True,True
2024,655,NSF,National Science Foundation,national-science-foundation,775662102.55,1.0261971514633745,795982240.1349019,683925930.75,91736171.80000007,0.8817317856597401,0.1871036116574213,0.4806542433814757,0.33224214496110305,0.8128963883425787,630545739.78,111714545.86,0.1440247570336837,161822700.06,0.20862524999997503,0.37763120201056677,2.8998622334104702,97184191.51416668,,,,,,,,,,631125418.11,144536684.43999994,22.901420271241296,664115421.9409516,131866818.1939503,19.85600903658505,1.4664006048368148,40.79038191981468,-50.040859438000695,False,False,False,False
2024,680,SEC,Securities and Exchange Commission,securities-and-exchange-commission,552340062.12,1.0261971514633745,566809798.3866473,479999478.69,72340583.43,0.8690289037656598,0.5722715094878043,0.0,0.4277284905121957,0.4277284905121957,236251581.02,150574213.47,0.27261142871307176,44389500.14,0.08036625112729202,0.31117479116091895,0.9612835147512361,0.0,,,,,,,,,,701649736.64,-149309674.51999998,-21.279801975698206,738326167.0855653,-171516368.69891798,-23.23043342428913,-1.1923415704674674,40.79038191981468,-50.040859438000695,False,False,False,False
2024,503,OPM,Office of Personnel Management,office-of-personnel-management,537335615.43,1.0261971514633745,551412277.9340852,485934428.62,51401186.81000006,0.9043406293311369,0.906898193078145,0.0015644393854803225,0.0915373675363747,0.09310180692185502,50026916.72,85660105.51,0.15941639275381173,98691592.59,0.18366843692470033,0.33953030227486775,2.4749169302735186,53913624.637499996,,,,,,,,,,496399357.9,40936257.52999997,8.246637889134139,522347000.3952807,29065277.53880453,5.564361912064141,0.5845035905025528,40.79038191981468,-50.040859438000695,False,False,False,False
2024,555,SI,Smithsonian Institution,,492068915.06,1.0261971514633745,504959718.9582452,375496024.12,116572890.94,0.7630964131806908,0.9361214271114313,0.003171560330208288,0.06070701255836033,0.06387857288856862,31432715.43,8490575.81,0.017254850997780888,74816597.55,0.15204495805405083,0.36008878343472417,1.9723858646519705,33810854.62833333,,,,,,,,,,485082417.4,6986497.660000026,1.4402702323137277,510438504.0812752,-5478785.123030007,-1.0733487147273748,0.17490929162439095,40.79038191981468,-50.040859438000695,False,False,False,False
2024,803,SBA,Small Business Administration,small-business-administration,336098854.95,1.0261971514633745,344903687.55979186,289178715.69,46920139.25999999,0.8603978009178874,0.7969469341984142,0.0,0.20305306580158583,0.20305306580158583,68245902.91,140195662.85,0.41712627337232766,79321715.53,0.23600709839312115,0.4538066751304176,3.398039532650231,51313477.61750001,528.3864787455793,0.04327136148945246,unconcentrated,0.6137692061349083,0.166831792474692,0.3594357872714913,0.5243564527948714,1.0163336540102663,100.0,382451895.67,-46353040.72000003,-12.119966261063041,402443309.6445659,-57539622.08477402,-14.297572032093777,-0.6411200266803676,40.79038191981468,-50.040859438000695,False,False,False,True
2024,308,PBGC,Pension Benefit Guaranty Corporation,pension-benefit-guaranty-corporation,309345880.02,1.0261971514633745,317449860.8934548,297159655.12,12209101.050000012,0.960535442553575,0.6685259553474977,0.09706583057639578,0.23440821407610654,0.33147404465250235,102780375.49000001,16854780.22,0.05448522611295258,25561450.61,0.08263064828388013,0.09902392030570933,0.9908082599689381,0.0,,,,,,,,,,344212231.06,-34866351.04000002,-10.129317872473402,362204792.4360506,-44754931.542595804,-12.35625051827484,-0.5213265814614224,40.79038191981468,-50.040859438000695,False,False,False,False
2024,925,NARA,National Archives and Records Administration,national-archives-and-records-administration,222999110.02,1.0261971514633745,228841051.48139167,179092943.62,43906166.399999976,0.8031105756607629,0.8592465951694711,0.0,0.1407534048305289,0.1407534048305289,31389145.159999996,15781868.38,0.07077099266712132,26990894.61,0.12103588488572571,0.4339240842320919,1.514731615146641,8407635.441666666,,,,,,,,,,241073877.84,-18074767.819999993,-7.497605290937479,253675221.28977022,-24834169.808378547,-9.789749933837948,-0.36295510874162507,40.79038191981468,-50.040859438000695,False,False,False,False
2024,554,NRC,Nuclear Regulatory Commission,nuclear-regulatory-commission,192923805.28,1.0261971514633745,197977859.42781073,145376401.62,47407949.879999995,0.7540881844862808,0.6680477675264351,0.05366589054703406,0.2782863419265308,0.3319522324735648,64086212.01,41798246.49,0.21665675953952965,29564493.37,0.1532444030278771,0.40614339451930176,1.9907614893062757,13487509.596666668,,,,,,,,,,183288400.22,9635405.060000002,5.256963915029365,192869198.03279367,5108661.395017058,2.6487699680010226,0.40459067996933223,40.79038191981468,-50.040859438000695,False,False,False,False
2024,1158,CFPB,Consumer Financial Protection Bureau,consumer-financial-protection-bureau,188349630.21,1.0261971514633745,193283854.00068197,175499377.68,12850252.530000001,0.9317744743343926,0.6118852915267425,0.0,0.3881147084732575,0.3881147084732575,73101261.82000001,25257937.45,0.13410133814352976,3820679.83,0.020285040250624022,0.18563675501255983,0.22775547166692772,0.0,,,,,,,,,,148633405.37,39716224.84,26.72092773568134,156402727.39674976,36881126.6039322,23.580871777494743,1.696251321230242,40.79038191981468,-50.040859438000695,False,False,False,False
2024,538,FCC,Federal Communications Commission,federal-communications-commission,156343366.81,1.0261971514633745,160439117.6706155,124627506.84,31715859.97,0.7971397148652718,0.8778730178351338,0.0815908967567666,0.040536085408099574,0.12212698216486617,19093743.57,23362749.2,0.14943230196898685,10294901.18,0.06584802022660241,0.34595574512432997,0.775385845318586,0.0,,,,,,,,,,370700197.03,-214356830.21999997,-57.82484928181803,390077329.6398336,-229638211.96921813,-58.86992001848653,-3.391553218080986,40.79038191981468,-50.040859438000695,False,True,True,False
2024,11,GAO,Government Accountability Office,government-accountability-office,126047976.91,1.0261971514633745,129350074.8527632,121915779.98,4132196.9299999923,0.9672172689217342,0.9419186563482885,0.00025897637501576444,0.05782236727669578,0.05808134365171154,7347175.27,2413544.82,0.019147826717784644,23636523.2,0.18752005212171557,0.2917159959358526,2.5387956696352614,13132525.124166666,,,,,,,,,,131976560.0,-5928583.090000004,-4.492148522434593,138875200.26239702,-9525125.409633815,-6.858766281983117,-0.1820924195699627,40.79038191981468,-50.040859438000695,False,False,False,False
2024,1163,USAGM,U.S. Agency for Global Media,us-agency-for-global-media,126016988.97,1.0261971514633745,129318275.11700548,98517227.14000002,27499761.83,0.7817773456200682,0.9656359296044527,0.0,0.0343640703955474,0.0343640703955474,4330456.68,8526082.98,0.06765820267321057,36808095.99,0.2920883627743451,0.4686918819656987,4.5386624849248305,26306680.2425,,,,,,,,,,141265563.51,-15248574.539999992,-10.794261645316388,148649755.8553702,-19331480.73836471,-13.004717449501504,-0.5613416367983325,40.79038191981468,-50.040859438000695,False,False,False,False
2024,552,FTC,Federal Trade Commission,federal-trade-commission,105646844.58,1.0261971514633745,108414490.96908985,98058162.6,7588681.980000004,0.9281693456139757,0.5216001604794339,0.0,0.47839983952056603,0.47839983952056603,50542191.239999995,8074090.3,0.07642528588618638,17504349.59,0.1656873866852219,0.3665791890326991,2.1845064121664026,8700445.875,,,,,,,,,,112541952.24,-6895107.659999996,-6.126699886364079,118424712.35233833,-10010221.383248478,-8.452814606351732,-0.28045662110088593,40.79038191981468,-50.040859438000695,False,False,False,False
2024,1154,MCC,Millennium Challenge Corporation,millennium-challenge-corporation,104528262.34,1.0261971514633745,107266605.06072433,100385612.77,4142649.6099999994,0.9603681385715579,0.17776228855765122,0.0,0.8222377114423487,0.8222377114423487,85947130.02999999,2976530.42,0.02847584331133539,22286242.01,0.21320781110510978,0.4725100302927805,2.9808200376904366,13575553.482500002,,,,,,,,,,90909855.49,13618406.850000009,14.980121546335559,95661868.94854149,11604736.11218284,12.130994553770707,0.9897118684913687,40.79038191981468,-50.040859438000695,False,False,False,False
2024,1522,DFC,U.S. International Development Finance Corporation,us-international-development-finance-corporation,103623017.2,1.0261971514633745,106337645.07668027,99947495.35,3675521.850000009,0.9645298703964006,0.752155304300644,0.0,0.24784469569935597,0.24784469569935597,25721691.61,5680182.26,0.054815835453206625,14446848.79,0.13941737251402866,0.35389250931790084,1.7820381781751864,5811597.3566666655,,,,,,,,,,78408074.71,25214942.49000001,32.158604306074295,82506598.72889729,23831046.347782984,28.883806525691075,2.0234803859347434,40.79038191981468,-50.040859438000695,False,False,False,False
2024,1523,DC COURTS,District of Columbia Courts,district-of-columbia-courts,101489317.2,1.0261971514633745,104148048.21460287,84510062.77000001,16979254.429999992,0.8326990968267152,0.9713639371100232,0.0006207549891763387,0.02801530790080042,0.02863606288997676,2906254.47,0.0,0.0,43145137.68,0.4251199916438102,0.5238080661754616,8.134427776421322,34687694.58,,,,,,,,,,36852556.33,64636760.870000005,175.39288262991445,38778902.408958204,65369145.80564467,168.56883961353154,10.643047644630172,40.79038191981468,-50.040859438000695,True,False,True,False
2024,89,PC,Peace Corps,peace-corps,100066373.5,1.0261971514633745,102687827.44297011,94148458.41999999,5917915.080000013,0.9408601024199201,0.8748636135994277,0.0,0.12513638640057242,0.12513638640057242,12521944.38,5550539.61,0.05546857966227786,18006196.17,0.1777451206007425,0.2514730703791257,2.377847034530997,9564240.956666669,,,,,,,,,,126872247.95,-26805874.450000003,-21.128241111140493,133504077.10124238,-30816249.658272266,-23.082628131950507,-1.1832209250386707,40.79038191981468,-50.040859438000695,False,False,False,False
2024,1166,CNCS,Corporation for National and Community Service,corporation-for-national-and-community-service,97557285.71,1.0261971514633745,100113008.70010057,89401287.60000001,8155998.109999999,0.9163978574163634,0.6689088113212124,0.0,0.3310911886787876,0.3310911886787876,32300357.69,13501648.07,0.13839712710063673,30382467.68,0.3114320725395671,0.6110876510772902,4.975184961881764,22252693.870833334,,,,,,,,,,61915229.46,35642056.24999999,57.565895436156545,65151644.28099781,34961364.41910276,53.66152275192788,3.552442987064762,40.79038191981468,-50.040859438000695,True,False,True,False
2024,1129,CFTC,Commodity Futures Trading Commission,commodity-futures-trading-commission,89630205.84,1.0261971514633745,91978261.91808392,70621725.15,19008480.689999998,0.7879232730544848,0.7952204294524914,0.0,0.20477957054750864,0.20477957054750864,18354435.060000002,16786654.06,0.18728791151016727,4459396.6,0.049753278576203694,0.3029385733919899,0.57594101826336,0.0,,,,,,,,,,87486611.11,2143594.730000004,2.450197467707129,92059685.73646486,-81423.81838093698,-0.08844676986409154,0.2356847975558708,40.79038191981468,-50.040859438000695,False,False,False,False
2024,48,EOP,Executive Office of the President,executive-office-of-the-president,62478074.67,1.0261971514633745,64114822.25527002,52636568.79,10852994.690000005,0.8290586027825056,0.5251541531628581,0.02975815079992928,0.44508769603721254,0.4748458468371418,33119619.580000002,24686755.28,0.39512669701158065,15468055.57,0.24757573999679078,0.5905053642396436,3.6194116600561004,10261549.3475,,,,,,,,,,77299042.68,-14820968.010000005,-19.173546652259787,81339595.69999836,-17224773.444728345,-21.176369634609202,-1.065591119131259,40.79038191981468,-50.040859438000695,False,False,False,False
2024,559,NGA,National Gallery of Art,,53762013.58,1.0261971514633745,55170425.192731254,44894630.62,8867382.96,0.835062298274878,0.57182156550469,0.026827752607401504,0.40135068188790857,0.42817843449531007,23019734.81,450163.14,0.008373256692295192,10651518.19,0.1981234980001283,0.5561407277930307,2.7178230969059616,6171350.391666667,,,,,,,,,,56650291.51,-2888277.9299999997,-5.098434364614269,59611499.029633895,-4441073.836902641,-7.450028785041804,-0.21857755187081623,40.79038191981468,-50.040859438000695,False,False,False,False
2024,611,EEOC,Equal Employment Opportunity Commission,equal-employment-opportunity-commission,51793306.82,1.0261971514633745,53150143.92355257,23670522.15,28122784.67,0.45701893938271615,0.9423013965803391,0.0,0.05769860341966094,0.05769860341966094,2988401.47,200193.26,0.0038652341835546853,7721856.23,0.1490806708839425,0.48075263375967614,1.9271948862965622,3405481.6433333335,,,,,,,,,,63561516.23,-11768209.409999996,-18.51467697437588,66883985.27301248,-13733841.349459909,-20.53382628651687,-1.0259415913108636,40.79038191981468,-50.040859438000695,False,False,False,False
2024,878,EXIM,Export-Import Bank of the United States,export-import-bank-of-the-united-states,41834542.05,1.0261971514633745,42930487.88448476,37025036.5,4809505.549999997,0.8850350615945132,0.9251194611798076,0.0,0.0748805388201925,0.0748805388201925,3132593.05,9873343.48,0.2360093596387295,3509983.01,0.08364059994299206,0.31158508647971256,1.0040237480137981,12894.462499999907,,,,,,,,,,48742814.0,-6908271.950000003,-14.172903415055197,51290684.16090531,-8360196.276420549,-16.299638839274525,-0.7646618916849318,40.79038191981468,-50.040859438000695,False,False,False,False
2024,1528,CSOSA,Court Services and Offender Supervision Agency,court-services-and-offender-supervision-agency,39008341.56,1.0261971514633745,40030248.99218237,26221400.83,12855206.96,0.6710255140598528,0.9441579428171927,0.0,0.05584205718280733,0.05584205718280733,2178306.04,5655865.76,0.14499118736695146,22986862.48,0.4911775407838459,0.7082831218530997,10.61854257955831,19086904.289166667,,,,,,,,,,29428732.95,9579608.610000003,32.55188942818554,30967023.097888384,9063225.894293983,29.267346317547705,2.0471475388087046,40.79038191981468,-50.040859438000695,False,False,False,False
2024,694,CPSC,Consumer Product Safety Commission,consumer-product-safety-commission,35300357.93,1.0261971514633745,36225126.753403544,24978936.85,10321421.079999998,0.7076114327093453,1.0,0.0,0.0,0.0,0.0,4630206.48,0.13116599240102947,10586785.93,0.29990590891439156,0.5268611960502011,4.712173749306656,7645089.435833333,,,,,,,,,,52138540.15,-16838182.22,-32.29507802013133,54863910.7180872,-18638783.964683652,-33.97275863264142,-1.8552199948863843,40.79038191981468,-50.040859438000695,False,False,False,False
2024,693,RRB,Railroad Retirement Board,railroad-retirement-board,34154748.75,1.0261971514633745,35049505.87619725,18431019.2,15723729.55,0.539632697488369,0.6188215218939535,0.3811784781060466,0.0,0.3811784781060466,13022641.23,2564315.64,0.07507932963494572,0.0,0.0,0.25657409799346464,0.0,0.0,,,,,,,,,,65461149.07,-31306400.32,-47.82439777603494,68882915.16692717,-33833409.290729925,-49.11727270650473,-2.7897450100169254,40.79038191981468,-50.040859438000695,False,False,False,False
2024,697,NLRB,National Labor Relations Board,national-labor-relations-board,25714994.04,1.0261971514633745,26388653.63374565,21062954.63,4652039.41,0.8190923395601922,0.9728684595876345,0.0,0.027131540412365582,0.027131540412365582,697687.4,12864591.62,0.5002758935113484,10865725.84,0.4224860109742503,0.8022933570337506,8.04715766029616,8722513.686666667,,,,,,,,,,30688482.68,-4973488.640000001,-16.206368662342744,32292622.09845523,-5903968.46470958,-18.2827162399798,-0.8870319742680025,40.79038191981468,-50.040859438000695,False,False,False,False
2024,1130,NTSB,National Transportation Safety Board,national-transportation-safety-board,22449913.19,1.0261971514633745,23038036.96617804,21145480.93,1304432.259999998,0.9418958884624534,0.4459310281190445,0.0,0.5540689718809554,0.5540689718809554,12438800.32,1237861.96,0.0551388305836028,11269101.18,0.49821291077239804,0.7069472666953274,10.92164811759553,9384180.6075,,,,,,,,,,17947208.52,4502704.670000002,25.088607317301076,18885339.77068351,4152697.1954945326,21.988999117405005,1.5980213737719962,40.79038191981468,-50.040859438000695,False,False,False,False
2024,90,USTDA,United States Trade and Development Agency,united-states-trade-and-development-agency,20070630.46,1.0261971514633745,20596423.80612604,19892704.11,1433323.620000001,0.9327899392166832,1.0,0.0,0.0,0.0,0.0,1385754.52,0.069043895893642,5502292.94,0.265081568101873,0.5953231853737108,3.9676474593098776,3772544.5650000004,,,,,,,,,,25834919.75,-5764289.289999999,-22.312007723577306,27185355.142187417,-6588931.336061377,-24.237061835680738,-1.2544577550342662,40.79038191981468,-50.040859438000695,False,False,False,False
2024,560,USITC,International Trade Commission,international-trade-commission,16332508.57,1.0261971514633745,16760373.770785153,13784439.59,2548068.9800000004,0.8439878987922061,0.5898619308056484,0.0,0.4101380691943516,0.4101380691943516,6698583.53,6338543.82,0.38809370849759184,1829801.6,0.11203432664110337,0.5103454135214943,1.3878662543231406,468759.21916666673,,,,,,,,,,15652945.02,679563.5500000007,4.3414421320186865,16471151.197976293,289222.57280885987,1.7559341744394577,0.3494963151440391,40.79038191981468,-50.040859438000695,False,False,False,False
2024,1128,FEC,Federal Election Commission,federal-election-commission,16251645.79,1.0261971514633745,16677392.616289742,15513852.04,737793.75,0.9546019055833729,1.0,0.0,0.0,0.0,0.0,30481.82,0.0018756143466255057,1115100.68,0.06861463106008292,0.41455069948334133,0.8103637514941477,0.0,,,,,,,,,,17511776.98,-1260131.1900000013,-7.1959070255359165,18427147.480188407,-1749754.8638986647,-9.495527540439344,-0.34479947923106175,40.79038191981468,-50.040859438000695,False,False,False,False
2024,1474,IMLS,Institute of Museum and Library Services,institute-of-museum-and-library-services,9514999.07,1.0261971514633745,9764264.941810658,8335311.890000001,1202121.629999999,0.8739575350665197,0.9974465114420588,0.0,0.002553488557941243,0.002553488557941243,24300.0,1141373.6,0.11995519827202675,2887549.12,0.30347340012929713,0.8078540148506814,4.792648840750581,2094632.5308333333,,,,,,,,,,12719460.59,-3204461.5199999996,-25.193375908718462,13384328.525201116,-3620063.5833904576,-27.04703173247955,-1.42785302856465,40.79038191981468,-50.040859438000695,False,False,False,False
2024,1125,FMCS,Federal Mediation and Conciliation Service,federal-mediation-and-conciliation-service,8113545.54,1.0261971514633745,8326097.321416367,5853973.24,2259572.3,0.7215061789127519,0.5895686770250137,0.0,0.4104313229749864,0.4104313229749864,3330053.23,5042462.52,0.6214869313471555,6676723.4,0.822910695094219,0.8649484735621512,51.11555240929125,6000594.605,,,,,,,,,,7930453.83,183091.70999999996,2.308716675297761,8344992.200228158,-18894.87881179154,-0.22642176719200455,0.22717075175442555,40.79038191981468,-50.040859438000695,False,False,False,False
2024,558,KENNEDY CENTER,John F. Kennedy Center for the Performing Arts,john-f-kennedy-center-for-the-performing-arts,7462114.87,1.0261971514633745,7657601.023486489,7411068.130000001,51046.74000000022,0.9931592127849407,1.0,0.0,0.0,0.0,0.0,7309848.48,0.9795947405457188,0.0,0.0,0.001909646293075625,0.0,0.0,,,,,,,,,,8661193.45,-1199078.5799999991,-13.844265076425458,9113928.828574644,-1456327.805088155,-15.979143928819934,-0.7448850596531441,40.79038191981468,-50.040859438000695,False,False,False,False
2024,1137,DNFSB,Defense Nuclear Facilities Safety Board,defense-nuclear-facilities-safety-board,7332175.48,1.0261971514633745,7524257.591605601,4195326.68,3136848.8000000007,0.5721803428523508,0.7556911294763502,0.0,0.24430887052364983,0.24430887052364983,1791315.51,2425598.6,0.33081567764114667,2941091.21,0.4004661752840827,0.49180968109141443,7.347588653921623,2329077.1391666667,,,,,,,,,,6718345.93,613829.5500000007,9.13661720303826,7069525.3495075945,454732.2420980064,6.432288161038695,0.638060857972425,40.79038191981468,-50.040859438000695,False,False,False,False
2024,699,FMC,Federal Maritime Commission,federal-maritime-commission,6547801.39,1.0261971514633745,6719335.134765924,5541223.45,1006577.9400000004,0.8462723775438155,0.8432465405002152,0.0,0.15675345949978486,0.15675345949978486,1026390.52,2802334.4,0.4279809714875912,4137231.35,0.6318504645419613,0.8099974119709821,17.162875508068623,3591581.234166667,,,,,,,,,,4421830.58,2125970.8099999996,48.078974794190316,4652967.218753778,2066367.9160121456,44.40968136813112,2.9815380925921415,40.79038191981468,-50.040859438000695,False,False,False,False
2024,687,NEA,National Endowment for the Arts,national-endowment-for-the-arts,5454582.58,1.0261971514633745,5597477.106017744,5244633.33,209949.25,0.9615095661453896,1.0,0.0,0.0,0.0,0.0,3031200.52,0.5557163129428687,2009964.94,0.36849106426031963,0.5306213000812245,5.835088680553817,1555416.3916666666,,,,,,,,,,4908630.01,545952.5700000003,11.122300293315453,5165212.4866170315,432264.61940071266,8.368767413164553,0.757555500954473,40.79038191981468,-50.040859438000695,False,False,False,False
2024,610,MSPB,Merit Systems Protection Board,merit-systems-protection-board,4560383.19,1.0261971514633745,4679852.239159457,2721601.44,1838781.7499999995,0.5967922708705538,1.0,0.0,0.0,0.0,0.0,852465.58,0.18692849799755532,1627274.87,0.3421684053241537,0.5543069817363085,5.721604874299736,1230960.5491666668,,,,,,,,,,4934015.12,-373631.9299999997,-7.572573673021085,5191924.519685124,-512072.28052566666,-9.86286065184789,-0.3674665638151398,40.79038191981468,-50.040859438000695,False,False,False,False
2024,1139,ABILITYONE,Committee for Purchase from People Who Are Blind or Severely Disabled,committee-for-purchase-from-people-who-are-blind-or-severely-disabled,2221076.8,1.0261971514633745,2279262.685341387,1720097.4,500979.3999999999,0.7744430089045098,1.0,0.0,0.0,0.0,0.0,1393149.45,0.6272405573728923,911983.6,0.4106042618607335,0.42748244004889885,6.966529197462793,726893.8666666667,,,,,,,,,,4079143.84,-1858067.04,-45.550417265991776,4292367.657401611,-2013104.972060224,-46.89963984303384,-2.6529011750030467,40.79038191981468,-50.040859438000695,False,False,False,False
2024,1132,CIGIE,Council of the Inspectors General on Integrity and Efficiency,council-of-the-inspectors-general-on-integrity-and-efficiency,2186660.27,1.0261971514633745,2243944.5402921336,397023.08,1789637.19,0.18156596406262965,1.0,0.0,0.0,0.0,0.0,0.0,0.0,160881.73,0.07357417711714312,0.10855365291838408,0.7941723481778024,0.0,,,,,,,,,,2820852.78,-634192.5099999998,-22.482297356900695,2968303.5740076825,-724359.0337155489,-24.40313181099428,-1.2647054622525822,40.79038191981468,-50.040859438000695,False,False,False,False
2024,1162,CSB,United States Chemical Safety Board,united-states-chemical-safety-board,2003880.64,1.0261971514633745,2056376.6046406038,1568369.19,435511.4500000002,0.782665972560122,0.8693053145121458,0.0,0.13069468548785418,0.13069468548785418,261896.55,12526.02,0.006250881290015358,1555298.78,0.7131874861869397,0.927556588729271,27.35258041484766,1373567.8408333333,,,,,,,,,,2423077.79,-419197.15000000014,-17.300193651645007,2549736.20571423,-493359.6010736262,-19.349437011089808,-0.9528562879369419,40.79038191981468,-50.040859438000695,False,False,False,False
2024,1155,UDALL,Morris K. Udall and Stewart L. Udall Foundation,morris-k-udall-and-stewart-l-udall-foundation,1939583.56,1.0261971514633745,1990395.1242971912,1034668.48,904915.0800000001,0.533448778045943,0.4265891643255627,0.0,0.5734108356744372,0.5734108356744372,1112178.23,7578.75,0.003907410928972815,327117.0,0.1569885767302959,0.37272470657451556,2.0484590082248233,153475.38499999998,,,,,,,,,,1772271.78,167311.78000000003,9.440526102604874,1864911.4537225007,125483.67057469045,6.72866641063391,0.6563495192550828,40.79038191981468,-50.040859438000695,False,False,False,False
2024,1135,OSHRC,Occupational Safety and Health Review Commission,occupational-safety-and-health-review-commission,1859174.11,1.0261971514633745,1907879.1757564547,1849174.1099999999,10000.0,0.9946212676122087,1.0,0.0,0.0,0.0,0.0,229314.08,0.1233419069072557,1274489.7,0.6426923586337061,0.8937197960200507,14.389669499955648,1109235.7125,,,,,,,,,,1791615.14,67558.9700000002,3.7708416552005812,1885265.9241962547,22613.251560200006,1.1994727783477397,0.3151586604615659,40.79038191981468,-50.040859438000695,False,False,False,False
2024,1067,SSS,Selective Service System,selective-service-system,1750843.94,1.0261971514633745,1796711.0638849114,1547780.5499999998,203063.3899999999,0.8840197088039726,0.7561257915425632,0.0,0.24387420845743682,0.24387420845743682,426985.68,792975.4,0.45291038332062883,200899.0,0.1147440930686261,0.12329082853609444,1.16655176150967,54995.33833333335,,,,,,,,,,6819393.47,-5068549.529999999,-74.3255181314534,7175854.817054881,-5379143.75316997,-74.96171383491955,-4.384532179732375,40.79038191981468,-50.040859438000695,False,True,True,False
2024,1475,NEH,National Endowment for the Humanities,national-endowment-for-the-humanities,1734163.11,1.0261971514633745,1779593.2436548667,1131722.6300000001,602440.48,0.6526044888591823,0.9280206462239876,0.0,0.07197935377601246,0.07197935377601246,124823.94,14275.55,0.008231953452175556,338162.41,0.19500034803531255,0.253016805322309,2.4223656191576404,193648.81749999998,,,,,,,,,,657244.35,1076918.7600000002,163.85363525757205,691599.6350229083,1087993.6086319583,157.31552672029966,9.948637619288665,40.79038191981468,-50.040859438000695,True,False,True,False
2024,685,FLRA,Federal Labor Relations Authority,federal-labor-relations-authority,1480851.66,1.0261971514633745,1519645.7552318096,1468280.73,187350.63000000012,0.8868403712768523,0.9918965549864731,0.0,0.008103445013526878,0.008103445013526878,12000.0,-213122.46,-0.14391884464646512,1220824.67,0.7384776302146179,0.7770273434145873,22.590117421179627,1083060.9991666665,,,,,,,,,,2518056.56,-1037204.9000000001,-41.19069112569895,2649679.678285618,-1130033.9230538083,-42.647944667219434,-2.390541123097147,40.79038191981468,-50.040859438000695,False,False,False,False
2024,1153,FHFA,Federal Housing Finance Agency,,733661.38,1.0261971514633745,752881.2182946884,733661.38,0.0,1.0,0.0,0.0,1.0,1.0,733661.38,733661.38,1.0,0.0,0.0,0.7273896167193645,0.0,0.0,,,,,,,,,,723145.75,10515.630000000005,1.4541508402697527,760945.8137880794,-8064.59549339104,-1.0598120585281252,0.17574460028980746,40.79038191981468,-50.040859438000695,False,False,False,False
2024,1136,ACUS,Administrative Conference of the U.S.,administrative-conference-of-the-us,102420.0,1.0261971514633745,105103.11225287883,102420.0,0.0,1.0,1.0,0.0,0.0,0.0,0.0,0.0,0.0,0.0,0.0,0.0,0.0,0.0,,,,,,,,,,93328.0,9092.0,9.74198525630036,98206.41400328201,6896.698249596811,7.022655617347281,0.6744907594765952,40.79038191981468,-50.040859438000695,False,False,False,False
2024,1127,FMSHRC,Federal Mine Safety and Health Review Commission,federal-mine-safety-and-health-review-commission,-716409.49,1.0261971514633745,-735177.3779193289,0.0,0.0,,,,,,0.0,0.0,,0.0,0.0,0.0,0.0,0.0,,,,,,,,,,859945.43,-1576354.92,-183.3087152983649,904896.2467727839,-1640073.6246921127,-181.24438360102172,-10.942934323693922,40.79038191981468,-50.040859438000695,False,True,True,False
2025,1173,DOD,Department of Defense,department-of-defense,491685487925.19,1.0,491685487925.19,259277556124.81,232407862797.14,0.5273240697137037,0.6960284661392986,0.29540673357455377,0.008564800286147594,0.3039715338607013,149458393479.97,30521572234.69,0.06207539775779158,92338643713.72,0.18780022185191955,0.36325066795871097,2.5434659008174187,51364853053.2875,99.44765133031814,-5.579279491735957e-05,unconcentrated,0.5019416090191913,0.06932966571794885,0.15579336971073043,0.2357068412124322,0.5286523465889003,100.0,446045331581.31,45640156343.880005,10.23217890927757,457730448692.2767,33955039232.91333,7.418129890620549,0.8858991832659735,39.089656592214034,-72.6521744610898,False,False,False,True
2025,561,VA,Department of Veterans Affairs,department-of-veterans-affairs,78313337208.43,1.0,78313337208.43,72222441877.05,6090895331.37999,0.9222240355411091,0.9844764087037382,0.0006667557029402044,0.014856835593321604,0.015523591296261808,1215704239.87,7136840566.62,0.09113186618041044,10136469377.96,0.1294347775141022,0.38669608923382914,1.6354691364646008,3610357943.9241667,1234.2020885646298,0.11456586753178079,unconcentrated,0.8280138387476383,0.28718648234772226,0.594422438522375,0.6916713036926897,0.8474503975868876,100.0,66875573383.34,11437763825.089996,17.103051602305015,68627522908.46337,9685814299.966621,14.113600330418066,1.1611375742164851,39.089656592214034,-72.6521744610898,False,False,False,True
2025,930,DOE,Department of Energy,department-of-energy,48549337828.87,1.0,48549337828.87,47074523728.69,1476094088.6299973,0.9695968011327054,0.03245007943336917,0.9368470786962224,0.03070284187040847,0.9675499205666308,46976428751.2,780712606.98,0.01608080855256788,4258270610.18,0.08758662048303321,0.20477698368878108,1.0559389493207771,206785552.0208335,515.1999297790007,0.04193938684636371,unconcentrated,0.7757804158954693,0.11685861079955434,0.35383094214057226,0.6050993848896694,0.9980591303934534,100.0,46043810154.91,2505527673.959999,5.4416167244422,47250026823.489044,1299311005.3809586,2.7498630005751488,0.6939953762225805,39.089656592214034,-72.6521744610898,False,False,False,True
2025,766,DHS,Department of Homeland Security,department-of-homeland-security,28336601669.43,1.0,28336601669.43,25791885982.76,2542209657.2800026,0.9102773672547534,0.8016629655077117,0.03290746673528354,0.16542956775700488,0.1983370344922884,5622671104.179999,3276227470.03,0.11561822085265959,12081212658.26,0.42634656050846825,0.5613042478967784,8.175340445531106,9719829185.8075,184.73019663278234,0.008558605720483066,unconcentrated,0.4970101182838762,0.11035551600294993,0.19555208664340393,0.2954257355119321,0.6755279563046859,100.0,23607875688.36,4728725981.07,20.03029007561881,24226334783.496487,4110266885.9335136,16.966111145849094,1.278399011492267,39.089656592214034,-72.6521744610898,False,False,False,True
2025,614,GSA,General Services Administration,general-services-administration,23810677070.15,1.0,23810677070.15,21917954238.81,1892722831.3400002,0.9205094913612183,0.4499391342186241,0.4611876608219082,0.08887320495946771,0.5500608657813759,13097487229.86,1367547121.46,0.05743419716419617,4246183827.58,0.17833108294527175,0.37298258169959936,2.387387269594539,2261960738.400833,225.38451109359738,0.012665102130666402,unconcentrated,0.6020649094144723,0.0990939877248579,0.22452541751078905,0.37713328453676886,0.779533218739885,100.0,26502128197.23,-2691451127.079998,-10.15560375774391,27196408463.714603,-3385731393.564602,-12.449185700684847,0.06919063006948152,39.089656592214034,-72.6521744610898,False,False,False,True
2025,806,HHS,Department of Health and Human Services,department-of-health-and-human-services,21290230376.02,1.0,21290230376.02,18839628110.68,2453442194.4399986,0.8847774341941632,0.507973628873656,0.2882406026125491,0.20374246058877168,0.4919830632013208,10483489599.630001,2882494374.91,0.1353904736585971,6054666941.36,0.2843871031184145,0.49439007631619963,4.371439011139287,4280481076.6916666,79.63380313209623,-0.002057191602818562,unconcentrated,0.39800553262782734,0.044607760509707495,0.12944817601570752,0.21190833216213392,0.6130135070919696,100.0,29868609670.72,-8578379294.700001,-28.720383671253803,30651082162.264267,-9360851786.244267,-30.540036846623224,-0.6744907594765952,39.089656592214034,-72.6521744610898,False,False,False,True
2025,862,NASA,National Aeronautics and Space Administration,national-aeronautics-and-space-administration,15782680383.9,1.0,15782680383.9,10420589085.49,5362147082.110001,0.6602523779674007,0.33193534509791883,0.6616559244146298,0.00640873048745133,0.6680646549020811,10543850924.1,1478222277.78,0.09366104120615297,3304791530.54,0.20939355357606027,0.41663300110086443,2.9133699829479625,1989568165.215,449.8998110526246,0.03534341525784087,unconcentrated,0.6782895427792166,0.14554533123367816,0.35778272664510785,0.5321824104306222,0.894256576963792,100.0,15016134539.27,766545844.6299992,5.104814708641151,15409514490.189667,373165893.7103329,2.421658994823657,0.6805035173220303,39.089656592214034,-72.6521744610898,False,False,False,True
2025,315,DOS,Department of State,department-of-state,9865475459.76,1.0,9865475459.76,7239963750.27,2625624352.6399994,0.7338603309552795,0.6625697524373736,0.048354002891175474,0.28907624467145104,0.3374302475626265,3335528392.3300004,1000055133.45,0.10136917754537991,3051597681.93,0.30932089328862783,0.4846304526762577,4.9263540667617,2229474726.95,131.0400642807073,0.0031353600283542723,unconcentrated,0.4916297463297683,0.06269469665733138,0.15762365710327658,0.27772922520012583,0.7366465883456564,100.0,11655552530.72,-1790077070.959999,-15.358148541152175,11960894805.75659,-2095419345.9965897,-17.518917940722105,-0.13921667406910368,39.089656592214034,-72.6521744610898,False,False,False,True
2025,95,USDA,Department of Agriculture,department-of-agriculture,9569572358.2,1.0,9569572358.2,8525701718.65,1043877510.5500011,0.890917094101193,0.9816338201504197,0.0011254398484375607,0.01724074000114282,0.018366179849580378,175762609.71,2415323165.92,0.252396144311543,2001391292.03,0.2091411420610705,0.43446397082283356,2.9089293741582214,1203926928.8466666,39.569893651233635,-0.006104051146340037,unconcentrated,0.3246189054447157,0.026386556467555233,0.07434250682376536,0.13355229382793382,0.5058712880248881,100.0,11597506288.99,-2027933930.789999,-17.485948101750132,11901327917.840109,-2331755559.640108,-19.592398224275488,-0.2244536088064487,39.089656592214034,-72.6521744610898,False,False,False,True
2025,731,DOT,Department of Transportation,department-of-transportation,9022525885.22,1.0,9022525885.22,7350900869.82,1671866509.2299995,0.8147057949081218,0.64153885720117,0.13486254258852848,0.22359860021030148,0.35846114279882996,3235251997.94,1063850925.87,0.11791054294593024,1903361462.24,0.21095660865411744,0.42525599157163785,2.94093166566815,1151484305.1383333,161.07611154296217,0.006169304196258803,unconcentrated,0.47359752448718173,0.10174951796523608,0.15774445854807279,0.25773286445420923,0.6904427512460503,100.0,8564937483.21,457588402.0099993,5.342577256483401,8789314447.731987,233211437.4880123,2.6533518498497988,0.690027981537879,39.089656592214034,-72.6521744610898,False,False,False,True
2025,456,TREAS,Department of the Treasury,department-of-the-treasury,8556933934.18,1.0,8556933934.18,7538275423.68,1018658510.5,0.8809551974649414,0.9139334244245775,0.01921085751911358,0.06685571805630887,0.08606657557542245,736466001.14,1232449104.37,0.1440292882766196,1343348594.1,0.15698947829129536,0.26576564100677813,2.0484729629518905,630270766.2516665,370.83772099314274,0.0273573455548629,unconcentrated,0.6358468104057755,0.15550953151393213,0.2844732493290271,0.4429316570483963,0.8272937842739558,100.0,9291332007.11,-734398072.9300003,-7.904120446541113,9534738438.996761,-977804504.816761,-10.255179112387323,0.15938217800141363,39.089656592214034,-72.6521744610898,False,False,False,True
2025,252,DOJ,Department of Justice,department-of-justice,8531620050.47,1.0,8531620050.47,7274223889.39,1257245304.4300003,0.8526343732987139,0.6622193523935418,0.00736295596597031,0.3304176916404879,0.3377806476064582,2881816145.78,1069460424.73,0.1253525612255886,1558940258.82,0.18272499825330585,0.3594719111783521,2.4593618751223416,847971921.2808332,94.3448078506255,-0.0005712315302398487,unconcentrated,0.45393880105052364,0.059779144821610265,0.12457198620342348,0.22478672106645795,0.6416388090006926,100.0,9399809214.82,-868189164.3499994,-9.23624240140096,9646057440.547462,-1114437390.0774622,-11.55329415096467,0.10601907264544473,39.089656592214034,-72.6521744610898,False,False,False,True
2025,209,DOI,Department of the Interior,department-of-the-interior,6554582845.32,1.0,6554582845.32,5807215872.76,747366972.5599995,0.8859779500546519,0.7847911124595727,0.01463305843144876,0.2005758291089785,0.21520888754042727,1410604554.3600001,1436620980.71,0.21917809487079007,1381919899.28,0.21083262381322965,0.43242539109468286,2.9387414278978716,835704662.17,75.79531914778062,-0.0024449172577999377,unconcentrated,0.4684925154835238,0.045550429056393116,0.1357222562523838,0.22844050314645142,0.5255122513646154,100.0,8121263990.93,-1566681145.6100006,-19.291099850462974,8334017973.774443,-1779435128.454443,-21.35146737208852,-0.29676568398744063,39.089656592214034,-72.6521744610898,False,False,False,True
2025,183,DOC,Department of Commerce,department-of-commerce,4158787229.18,1.0,4158787229.18,3470835283.38,687951945.8000002,0.8345787105978861,0.6229051548137382,0.07240313485233289,0.304691710333929,0.3770948451862619,1568260997.31,965560629.95,0.23217360656856265,967801606.1,0.23271245985114375,0.4458468477252669,3.3362161177098804,621236003.6683333,104.1357367696623,0.0004177511888547778,unconcentrated,0.45265306174341324,0.041309298579786595,0.13991240421903675,0.26769240527592647,0.6865542359311744,100.0,5185009413.32,-1026222184.1399999,-19.792098766565253,5320841890.259767,-1162054661.0797668,-21.839676597175387,-0.31683506115344134,39.089656592214034,-72.6521744610898,False,False,False,True
2025,801,USAID,Agency for International Development,agency-for-international-development,4099062195.34,1.0,4099062195.34,3966413953.7599998,132696439.03999996,0.9676279908750254,0.08591551045200052,0.8679100132845572,0.046174476263442246,0.9140844895479995,3747046283.73,172694167.26,0.04213016515248941,589545809.49,0.1387540011398407,0.3448348012693531,1.7721928630824004,235474452.60000002,1210.2439258394616,0.11214585109489511,unconcentrated,0.7720958153535891,0.3027638877401957,0.5461542301248998,0.7070803724751954,0.9935765435591746,100.0,7444753388.62,-3345691193.2799997,-44.94025548776674,7639784720.749148,-3540722525.409148,-46.345841601960075,-1.3242381234076683,39.089656592214034,-72.6521744610898,False,False,False,True
2025,1068,ED,Department of Education,department-of-education,2502613339.39,1.0,2502613339.39,2277887371.0800004,224725968.2999997,0.91020348019256,0.9874152172175833,0.009523613879893174,0.003061168902523455,0.012584782782416629,31500197.799999997,115664459.94,0.046217471200801906,713640425.45,0.2851580842384331,0.42904477611060654,4.388017626639864,505089313.83416665,831.4262347574515,0.07388143785428804,unconcentrated,0.8220991351303053,0.15872689152085454,0.49558063344388004,0.7856672113436657,0.9961765878334476,100.0,2724859964.87,-222246625.48000002,-8.156258609443922,2796243534.0861845,-293630194.69618464,-10.500880596301256,0.14928184499349592,39.089656592214034,-72.6521744610898,False,False,False,True
2025,267,DOL,Department of Labor,department-of-labor,1754211419.51,1.0,1754211419.51,1694568420.92,59642998.589999914,0.9660001081245613,0.7937924482829258,0.02154390368373487,0.18466364803333923,0.20620755171707408,365450064.21999997,530934746.16,0.30266291751099467,416047324.59,0.233375092995907,0.5049969730558806,3.348607643061187,267485582.47166663,346.7163884474085,0.02492084731792005,unconcentrated,0.587109097536235,0.11129140947818753,0.30835136818405395,0.4656063469579665,0.931045517396194,100.0,2189866927.54,-435655508.03,-19.89415441418608,2247235203.1254,-493023783.6154001,-21.939126929380357,-0.3209232801459245,39.089656592214034,-72.6521744610898,False,False,False,True
2025,539,SSA,Social Security Administration,social-security-administration,1746308710.84,1.0,1746308710.84,1461330808.04,284977902.79999995,0.8368112688031423,0.9529554176861176,0.011531335825234955,0.03551324648864746,0.047044582313882415,82156386.66,27990355.79,0.01602829764076263,718269883.18,0.41130750749934797,0.48782465185106205,7.685476951258754,572744157.2766666,442.7679663697182,0.03462302690603213,unconcentrated,0.6941758041745651,0.1510190730556134,0.32978151726276594,0.5216639211412983,0.9203886785039707,100.0,1874810926.29,-128502215.45000005,-6.854142657696621,1923925632.0912087,-177616921.25120878,-9.232005556168419,0.20144294816072755,39.089656592214034,-72.6521744610898,False,False,False,True
2025,700,EPA,Environmental Protection Agency,environmental-protection-agency,1697433936.71,1.0,1697433936.71,1578410166.8,119071157.35000014,0.9298542165642829,0.5377662408996317,0.11081761277531069,0.35141614632505763,0.4622337591003683,784611269.39,157356042.74,0.0927023074871418,367227733.38,0.21634287228389462,0.3639697308441119,3.036751036844979,225774905.32083333,291.9567687394129,0.019389572599940695,unconcentrated,0.603885861055268,0.08349996959216857,0.28212159948220433,0.4473583493162679,0.8922442460856437,100.0,2212865855.25,-515431918.53999996,-23.29250629075158,2270836637.228114,-573402700.5181141,-25.25072438579445,-0.45705691908508567,39.089656592214034,-72.6521744610898,False,False,False,True
2025,655,NSF,National Science Foundation,national-science-foundation,711037984.7,1.0,711037984.7,659372502.4300001,51665482.26999998,0.9273379434267516,0.17115369489025198,0.5217969753744863,0.3070493297352616,0.8288463051097479,589352336.06,76536950.02,0.10764115513785433,268275740.39,0.3773015593578878,0.5509269939288519,6.665051463204334,209022574.9983333,,,,,,,,,,775662102.55,-64624117.849999905,-8.331478054367645,795982240.1349019,-84944255.43490183,-10.671626972544715,0.14226277765828094,39.089656592214034,-72.6521744610898,False,False,False,False
2025,680,SEC,Securities and Exchange Commission,securities-and-exchange-commission,498159347.29,1.0,498159347.29,451145447.28000003,47013900.00999999,0.9056247759562139,0.6108977005694798,0.0,0.3891022994305202,0.3891022994305202,193862380.42000002,99557087.25,0.19984988295731712,92418003.9,0.18545545608498404,0.4064972580178596,2.5044793832019883,50890509.98000001,,,,,,,,,,552340062.12,-54180714.82999998,-9.809303823090932,566809798.3866473,-68650451.09664732,-12.11172624256888,0.08306296347727106,39.089656592214034,-72.6521744610898,False,False,False,False
2025,555,SI,Smithsonian Institution,,427132309.7,1.0,427132309.7,333845489.65,93286820.05000001,0.7815973694064006,0.8979529647506851,0.022731369805063097,0.07931566544425185,0.10204703524931495,43588831.69,8149835.08,0.01908035260953241,103878858.89,0.2432006582760274,0.386483429001063,3.5348963636017925,68284499.74833333,,,,,,,,,,492068915.06,-64936605.360000014,-13.196648553197477,504959718.9582452,-77827409.25824523,-15.412597547148257,-0.052629743222905125,39.089656592214034,-72.6521744610898,False,False,False,False
2025,308,PBGC,Pension Benefit Guaranty Corporation,pension-benefit-guaranty-corporation,291626660.21,1.0,291626660.21,270229053.26,21397606.950000048,0.9266267119247888,0.8587243134755509,0.0028233886415154515,0.13845229788293367,0.1412756865244491,41199756.629999995,12319883.61,0.042245395538009,26600541.6,0.09121436833259684,0.17395975279992731,1.1040646074230338,2298319.9158333354,,,,,,,,,,309345880.02,-17719219.810000002,-5.727963730712823,317449860.8934548,-25823200.68345481,-8.134576153467528,0.2465562386601938,39.089656592214034,-72.6521744610898,False,False,False,False
2025,925,NARA,National Archives and Records Administration,national-archives-and-records-administration,207686582.24,1.0,207686582.24,178221610.64,29464971.600000024,0.8581277072297783,0.8893001873537628,0.0,0.11069981264623727,0.11069981264623727,23020471.57,5361838.53,0.02581697128514507,40953954.35,0.19719114209638314,0.4584908282614146,2.7018916666221333,23646739.163333334,,,,,,,,,,222999110.02,-15312527.780000001,-6.866631789977401,228841051.48139167,-21154469.24139166,-9.244175861126843,0.20094264946114357,39.089656592214034,-72.6521744610898,False,False,False,False
2025,503,OPM,Office of Personnel Management,office-of-personnel-management,198566615.13,1.0,198566615.13,184612577.26,13954037.870000005,0.9297261633791541,0.9623046839716757,0.0,0.03769531602832435,0.03769531602832435,7485031.3100000005,71487544.8,0.360017945379175,16724484.91,0.08290051875403431,0.18524349920692706,0.9943367376628193,0.0,,,,,,,,,,537335615.43,-338769000.29999995,-63.046072244606734,551412277.9340852,-352845662.80408525,-63.989446177377964,-2.0495340346613613,39.089656592214034,-72.6521744610898,False,False,False,False
2025,554,NRC,Nuclear Regulatory Commission,nuclear-regulatory-commission,183407577.41,1.0,183407577.41,143140242.44,40274247.97,0.7804194865957864,0.6823477709987816,0.024428312522684882,0.29322391647853346,0.3176522290012183,58259825.779999994,37306542.14,0.2034078562446893,38787879.8,0.21148460903229838,0.566798405080509,2.9502666986630457,23503915.016666666,,,,,,,,,,192923805.28,-9516227.870000005,-4.932635377053975,197977859.42781073,-14570282.017810732,-7.359551244730747,0.27841607744901675,39.089656592214034,-72.6521744610898,False,False,False,False
2025,11,GAO,Government Accountability Office,government-accountability-office,117398587.27,1.0,117398587.27,111616248.42,5782338.850000009,0.9507460951237731,0.7140159637407618,0.000375328971830488,0.28560870728740756,0.2859840362592381,33680421.470000006,2203830.06,0.018772202555823823,10904811.01,0.08400025364618512,0.28845659110511906,1.0087369497492524,86578.78583333269,,,,,,,,,,126047976.91,-8649389.64,-6.861982121439192,129350074.8527632,-11951487.58276321,-9.239644891096791,0.20112890924852217,39.089656592214034,-72.6521744610898,False,False,False,False
2025,1158,CFPB,Consumer Financial Protection Bureau,consumer-financial-protection-bureau,116253350.41,1.0,116253350.41,112076692.33,4176658.079999998,0.964072793899962,0.7243204572859931,0.0,0.27567954271400685,0.27567954271400685,32048670.48,19571304.7,0.16835045726403852,0.0,0.0,0.07078185966757206,0.0,0.0,,,,,,,,,,188349630.21,-72096279.80000001,-38.27789824679583,193283854.00068197,-77030503.59068197,-39.85356355239594,-1.057352595343206,39.089656592214034,-72.6521744610898,False,False,False,False
2025,803,SBA,Small Business Administration,small-business-administration,110860869.48,1.0,110860869.48,95339057.21,17551248.379999995,0.8445282941854777,0.913726435796175,0.0,0.08627356420382508,0.08627356420382508,10830353.11,107541974.95,0.9700625248063858,0.0,0.0,0.0,0.0,0.0,4877.680188627539,0.47638508594859286,highly concentrated,0.8408487399999522,0.649074678626632,1.0187619330405417,1.253558457838644,1.416062926949362,46.0,336098854.95,-225237985.46999997,-67.01539804516969,344903687.55979186,-234042818.07979184,-67.85744151813935,-2.2085401602753576,39.089656592214034,-72.6521744610898,False,False,False,True
2025,552,FTC,Federal Trade Commission,federal-trade-commission,93093005.65,1.0,93093005.65,87157186.64,5935819.00999999,0.9362377552582546,0.6589909695846758,0.0,0.34100903041532404,0.34100903041532404,31790570.689999998,8974776.03,0.0964065556519068,18074353.31,0.1941537195388642,0.47357675114446157,2.6502460415966462,10316602.839166667,,,,,,,,,,105646844.58,-12553838.929999992,-11.882833775024606,108414490.96908985,-15321485.319089845,-14.132322332683522,0.0,39.089656592214034,-72.6521744610898,False,False,False,False
2025,1522,DFC,U.S. International Development Finance Corporation,us-international-development-finance-corporation,87384127.33,1.0,87384127.33,80176657.14999999,7207470.180000007,0.9175196869245886,0.7201151247109445,0.0,0.27988487528905553,0.27988487528905553,24457495.58,2347838.4,0.026868019075518758,6622688.93,0.07578823674681652,0.5460089780357598,0.9020341845471637,0.0,,,,,,,,,,103623017.2,-16238889.870000005,-15.671122409664795,106337645.07668027,-18953517.746680275,-17.823902093198377,-0.15175400780057982,39.089656592214034,-72.6521744610898,False,False,False,False
2025,1163,USAGM,U.S. Agency for Global Media,us-agency-for-global-media,71779188.65,1.0,71779188.65,59565088.82,12214099.830000006,0.8298378672186342,0.8969667685147346,0.0,0.10303323148526562,0.10303323148526562,7395641.76,5707451.3,0.07951401245045975,14940802.92,0.20814950964202628,0.37157658747094235,2.8915112561554444,8959203.865833333,,,,,,,,,,126016988.97,-54237800.31999999,-43.04007004397797,129318275.11700548,-57539086.46700548,-44.49416481540978,-1.2481191196911903,39.089656592214034,-72.6521744610898,False,False,False,False
2025,89,PC,Peace Corps,peace-corps,68629163.35,1.0,68629163.35,65197881.74,3431281.610000007,0.9500025726308085,0.8270589316458569,0.0,0.17294106835414305,0.17294106835414305,11868800.83,2731537.73,0.03980141381105734,7741355.57,0.11279979519085889,0.24340959053816003,1.3985543965991019,2022258.6241666665,,,,,,,,,,100066373.5,-31437210.150000006,-31.416358013613838,102687827.44297011,-34058664.09297012,-33.167187329856915,-0.7824880508233056,39.089656592214034,-72.6521744610898,False,False,False,False
2025,1129,CFTC,Commodity Futures Trading Commission,commodity-futures-trading-commission,67873876.61,1.0,67873876.61,54872121.120000005,13001755.489999995,0.8084424208638111,0.7928886713979145,0.0,0.20711132860208548,0.20711132860208548,14057448.76,13347864.88,0.19665688106627804,6283513.96,0.09257632352583552,0.2488516941068824,1.1222316379720165,627357.5758333337,,,,,,,,,,89630205.84,-21756329.230000004,-24.273434414328467,91978261.91808392,-24104385.30808392,-26.20661100288169,-0.4963516477802327,39.089656592214034,-72.6521744610898,False,False,False,False
2025,538,FCC,Federal Communications Commission,federal-communications-commission,62776338.86,1.0,62776338.86,67771338.09,12873710.409999996,0.8403657676515627,0.7795384090057259,0.21118878502592583,0.009272805968348275,0.2204615909942741,13851636.26,15248471.91,0.2429015802276431,13869829.87,0.11891380559963234,0.4377894452294705,1.4845901228609808,4150023.578333333,,,,,,,,,,156343366.81,-93567027.95,-59.847136376249054,160439117.6706155,-97662778.8106155,-60.872173961414454,-1.921388746501075,39.089656592214034,-72.6521744610898,False,False,False,False
2025,1523,DC COURTS,District of Columbia Courts,district-of-columbia-courts,62556684.96,1.0,62556684.96,38547271.74,24026725.819999993,0.616026995926517,0.9843119075268614,0.01568809247313854,0.0,0.01568809247313854,983691.9,0.0,0.0,12341412.95,0.19728367892082752,0.33578679406415907,2.70347121534989,7128355.869999999,,,,,,,,,,101489317.2,-38932632.24,-38.361310642456466,104148048.21460287,-41591363.25460287,-39.934846564672576,-1.0606939894561056,39.089656592214034,-72.6521744610898,False,False,False,False
2025,48,EOP,Executive Office of the President,executive-office-of-the-president,62096197.61,1.0,62096197.61,45134994.83,17211082.409999996,0.7239428177053342,0.6719107647203104,0.011879354599414832,0.3162098806802747,0.3280892352796896,20428631.060000002,12404018.86,0.1997548857645746,23327499.47,0.37566711598848895,0.5739049975945862,6.618806059552662,18152816.335833333,,,,,,,,,,62478074.67,-381877.0600000024,-0.6112177144014453,64114822.25527002,-2018624.6452700198,-3.1484523769448582,0.45152655369181255,39.089656592214034,-72.6521744610898,False,False,False,False
2025,559,NGA,National Gallery of Art,,53802966.77,1.0,53802966.77,42715138.89,11087827.880000003,0.7939179092595603,0.7381327724876313,0.02268233655621515,0.23918489095615347,0.2618672275123686,14089233.74,75483.1,0.0014029542334102034,12676429.56,0.23560837479817656,0.42898790393227226,3.390529196464776,8192848.995833334,,,,,,,,,,53762013.58,40953.19000000507,0.07617495564794109,55170425.192731254,-1367458.4227312505,-2.4786077286049526,0.4790626267509989,39.089656592214034,-72.6521744610898,False,False,False,False
2025,878,EXIM,Export-Import Bank of the United States,export-import-bank-of-the-united-states,51694299.83,1.0,51694299.83,47143937.53,4550362.299999997,0.9119755502064221,0.8916957735819985,0.0,0.10830422641800158,0.10830422641800158,5712606.58,11129696.16,0.2152983248946347,7800034.9,0.1508877173237845,0.3122869690292505,1.9547060199511128,3492176.5808333335,,,,,,,,,,41834542.05,9859757.780000001,23.568461125296345,42930487.88448476,8763811.945515238,20.413958418307452,1.4201336280583956,39.089656592214034,-72.6521744610898,False,False,False,False
2025,611,EEOC,Equal Employment Opportunity Commission,equal-employment-opportunity-commission,48610300.69,1.0,48610300.69,27723901.549999997,20886399.14,0.5703297687212887,0.9416784477765054,0.0,0.0583215522234946,0.0583215522234946,2839452.43,301518.58,0.00620277134105504,9510074.43,0.1956390784465234,0.5351639543622828,2.6754530276725816,5459216.039166667,,,,,,,,,,51793306.82,-3183006.1300000027,-6.145593563010123,53150143.92355257,-4539843.233552575,-8.541544572451894,0.2298265205894322,39.089656592214034,-72.6521744610898,False,False,False,False
2025,693,RRB,Railroad Retirement Board,railroad-retirement-board,42984847.65,1.0,42984847.65,39312341.26,3672506.3900000006,0.914562768259573,0.5458844118992708,0.41979641888994806,0.03431916921078119,0.4541155881007293,19520089.37,5090882.88,0.1184343590432616,5025714.19,0.11691827387458474,0.5350394380192715,1.4563782428873182,1443643.5525000007,,,,,,,,,,34154748.75,8830098.899999999,25.85320994346357,35049505.87619725,7935341.77380275,22.640381299046453,1.5116577497433443,39.089656592214034,-72.6521744610898,False,False,False,False
2025,1154,MCC,Millennium Challenge Corporation,millennium-challenge-corporation,40397428.54,1.0,40397428.54,19912030.39,20520739.879999995,0.49247257254529947,0.5197422538716866,0.0,0.48025774612831335,0.48025774612831335,19401177.98,-2277064.68,-0.05636657486120279,12471960.89,0.1952804724823844,0.40268299544676706,2.6693588559141874,7149718.1641666675,,,,,,,,,,104528262.34,-64130833.800000004,-61.35262594474313,107266605.06072433,-66869176.520724334,-62.33923081919974,-1.98169673719425,39.089656592214034,-72.6521744610898,False,False,False,False
2025,1528,CSOSA,Court Services and Offender Supervision Agency,court-services-and-offender-supervision-agency,36968224.75,1.0,36968224.75,27947634.689999998,9228048.160000004,0.7517719258248944,0.8782443157484862,0.0,0.12175568425151387,0.12175568425151387,4501091.5,3585377.02,0.09698537174144398,19091156.96,0.5146790576748702,0.6782405103009501,11.665413833781772,16000046.64,,,,,,,,,,39008341.56,-2040116.8100000024,-5.229950129671707,40030248.99218237,-3062024.2421823665,-7.649276033182703,0.2665060279149313,39.089656592214034,-72.6521744610898,False,False,False,False
2025,694,CPSC,Consumer Product Safety Commission,consumer-product-safety-commission,32912664.46,1.0,32912664.46,18688984.92,14223679.54,0.5678356713633267,1.0,0.0,0.0,0.0,0.0,7636402.9,0.2320201972490197,9006050.1,0.27363479219208736,0.4920385722548091,4.143897149474912,6263328.061666666,,,,,,,,,,35300357.93,-2387693.469999999,-6.763935580298516,36225126.753403544,-3312462.2934035435,-9.144101319375839,0.2050565285521383,39.089656592214034,-72.6521744610898,False,False,False,False
2025,1166,CNCS,Corporation for National and Community Service,corporation-for-national-and-community-service,30258572.84,1.0,30258572.84,24535153.63,5977656.59,0.8040935414699407,0.8191288422973751,0.0,0.1808711577026248,0.1808711577026248,5472903.1,3186394.03,0.10530549629187336,12856240.52,0.350889133003069,0.5999911443091414,5.946257656863427,9802987.295833332,,,,,,,,,,97557285.71,-67298712.86999999,-68.98378976025735,100113008.70010057,-69854435.86010057,-69.77558338033487,-2.287391420170021,39.089656592214034,-72.6521744610898,False,False,False,False
2025,1130,NTSB,National Transportation Safety Board,national-transportation-safety-board,29684092.31,1.0,29684092.31,28274362.9,1409729.4100000001,0.9525089264890512,0.3297127784063275,0.0,0.6702872215936724,0.6702872215936724,19896867.759999998,294973.49,0.009937089769143087,13946077.23,0.4698165294851153,0.5786034836650189,9.747534790772358,11472402.870833334,,,,,,,,,,22449913.19,7234179.119999997,32.22363961399352,23038036.96617804,6646055.343821958,28.84818421629837,1.7668490319161891,39.089656592214034,-72.6521744610898,False,False,False,False
2025,697,NLRB,National Labor Relations Board,national-labor-relations-board,27337929.65,1.0,27337929.65,24010781.54,3327148.1099999994,0.8782955347169094,1.0,0.0,0.0,0.0,0.0,13287429.1,0.48604372277327884,10354556.43,0.37876154348798685,0.8169987704244459,6.706566431447711,8076395.625833333,,,,,,,,,,25714994.04,1622935.6099999994,6.311242411627638,26388653.63374565,949276.0162543468,3.5972885522299567,0.7288314713685509,39.089656592214034,-72.6521744610898,False,False,False,False
2025,560,USITC,International Trade Commission,international-trade-commission,17797015.35,1.0,17797015.35,14731912.7,3065102.6499999985,0.8277743436345354,0.49843494403683813,0.0,0.5015650559631618,0.5015650559631618,8926361.0,10189112.52,0.572518049775127,476373.21,0.0267670281017092,0.4999047258786569,0.3025352794454767,0.0,,,,,,,,,,16332508.57,1464506.7800000012,8.966820826838857,16760373.770785153,1036641.5792148486,6.185074350918168,0.8352105534300449,39.089656592214034,-72.6521744610898,False,False,False,False
2025,90,USTDA,United States Trade and Development Agency,united-states-trade-and-development-agency,14868872.02,1.0,14868872.02,12989064.26,2460752.41,0.8407261094056723,1.0,0.0,0.0,0.0,0.0,2188610.72,0.14719413261854145,4741873.2,0.31141079282867207,0.508850522199231,4.522446613822541,3472950.8983333334,,,,,,,,,,20070630.46,-5201758.440000001,-25.917264783320622,20596423.80612604,-5727551.78612604,-27.808477044556064,-0.562201394380272,39.089656592214034,-72.6521744610898,False,False,False,False
2025,1128,FEC,Federal Election Commission,federal-election-commission,13729726.06,1.0,13729726.06,12660611.19,1069114.870000001,0.922131376450784,1.0,0.0,0.0,0.0,0.0,388578.08,0.028301954336297952,2277997.54,0.16591718800833816,0.4215571515925788,2.188138925598631,1133853.7016666667,,,,,,,,,,16251645.79,-2521919.7299999986,-15.517934383924317,16677392.616289742,-2947666.556289742,-17.67462470968388,-0.14561749099966695,39.089656592214034,-72.6521744610898,False,False,False,False
2025,1474,IMLS,Institute of Museum and Library Services,institute-of-museum-and-library-services,11866490.63,1.0,11866490.63,9203762.23,2699176.8999999985,0.7732344196235507,0.997724685345936,0.0,0.002275314654064084,0.002275314654064084,27000.0,2590533.86,0.21830665364963084,12159845.26,0.9531091004966525,0.9531091004966525,223.5870972088032,11096671.655,,,,,,,,,,9514999.07,2351491.5600000005,24.713523802793187,9764264.941810658,2102225.6881893426,21.529789499950947,1.4660033775025303,39.089656592214034,-72.6521744610898,False,False,False,False
2025,1067,SSS,Selective Service System,selective-service-system,7423930.26,1.0,7423930.26,3562811.97,3861118.2899999996,0.47990913777791877,1.0,0.0,0.0,0.0,0.0,3571383.21,0.48106367987352294,4015251.74,0.5408525672222574,0.6522867403660121,12.957446377196051,3396590.8850000002,,,,,,,,,,1750843.94,5673086.32,324.0201019857887,1796711.0638849114,5627219.196115089,313.1955554360376,13.45584290161292,39.089656592214034,-72.6521744610898,True,False,True,False
2025,1137,DNFSB,Defense Nuclear Facilities Safety Board,defense-nuclear-facilities-safety-board,5948705.18,1.0,5948705.18,3006110.74,3302506.0200000005,0.4765086950693134,0.8454261369194296,0.0,0.15457386308057042,0.15457386308057042,919514.34,-56890.67,-0.009563538329529385,3142487.62,0.5018914602840391,0.7411920073432544,10.075945707942196,2620713.5133333337,,,,,,,,,,7332175.48,-1383470.3000000007,-18.868483218571313,7524257.591605601,-1575552.4116056012,-20.939639458427873,-0.27983620108946355,39.089656592214034,-72.6521744610898,False,False,False,False
2025,699,FMC,Federal Maritime Commission,federal-maritime-commission,5141006.49,1.0,5141006.49,4701768.04,439238.4500000002,0.9145617787383886,0.8837941634265473,0.0,0.11620583657345275,0.11620583657345275,597414.96,2175795.55,0.42322365362351444,1428185.61,0.2778027251193039,0.7322345818167496,4.231295357376076,999768.4033333333,,,,,,,,,,6547801.39,-1406794.8999999994,-21.484996508117966,6719335.134765924,-1578328.6447659237,-23.489357400848064,-0.3846503840747305,39.089656592214034,-72.6521744610898,False,False,False,False
2025,1132,CIGIE,Council of the Inspectors General on Integrity and Efficiency,council-of-the-inspectors-general-on-integrity-and-efficiency,4609437.29,1.0,4609437.29,2088924.08,2520513.21,0.45318418465781973,0.5574027995942212,0.0,0.4425972004057788,0.4425972004057788,2040124.04,857892.5,0.18611653571275724,208827.03,0.045304234955759644,0.5403970730665911,0.5219951766417051,0.0,,,,,,,,,,2186660.27,2422777.02,110.79805369125768,2243944.5402921336,2365492.7497078665,105.4167207447965,4.914439777186754,39.089656592214034,-72.6521744610898,True,False,True,False
2025,687,NEA,National Endowment for the Arts,national-endowment-for-the-arts,3864613.57,1.0,3864613.57,4209075.42,54486.68999999948,0.9872203831926821,1.0,0.0,0.0,0.0,0.0,3098152.72,0.8016720595430711,2353115.38,0.5385177171411235,0.691117275482587,11.669304264619074,1988980.7525,,,,,,,,,,5454582.58,-1589969.0100000002,-29.149233450600725,5597477.106017744,-1732863.5360177443,-30.957938785578502,-0.6916699343064117,39.089656592214034,-72.6521744610898,False,False,False,False
2025,610,MSPB,Merit Systems Protection Board,merit-systems-protection-board,3201752.74,1.0,3201752.74,2782510.17,426465.06999999983,0.867102411796733,1.0,0.0,0.0,0.0,0.0,295063.04,0.0921567228829794,1022466.39,0.31934583118370347,0.499928929552505,5.160923570232062,755653.6616666666,,,,,,,,,,4560383.19,-1358630.4500000002,-29.792023902272124,4679852.239159457,-1478099.4991594572,-31.584319837947213,-0.717419299422131,39.089656592214034,-72.6521744610898,False,False,False,False
2025,1139,ABILITYONE,Committee for Purchase from People Who Are Blind or Severely Disabled,committee-for-purchase-from-people-who-are-blind-or-severely-disabled,2064250.29,1.0,2064250.29,1778378.11,285872.17999999993,0.8615128304039139,1.0,0.0,0.0,0.0,0.0,671447.04,0.3252740441664175,0.0,0.0,0.17898744283219908,0.0,0.0,,,,,,,,,,2221076.8,-156826.50999999978,-7.060832385444744,2279262.685341387,-215012.39534138702,-9.433418829878423,0.19316322146034456,39.089656592214034,-72.6521744610898,False,False,False,False
2025,1475,NEH,National Endowment for the Humanities,national-endowment-for-the-humanities,1948159.64,1.0,1948159.64,1485991.38,462168.26000000024,0.7627667412307134,0.915224401220015,0.0,0.08477559877998499,0.08477559877998499,165156.4,0.0,0.0,249032.49,0.12489990127574772,0.5718442446848409,1.4272641662117356,82877.775,,,,,,,,,,1734163.11,213996.5299999998,12.340046260123696,1779593.2436548667,168566.3963451332,9.472186801459046,0.9703376591196677,39.089656592214034,-72.6521744610898,False,False,False,False
2025,1162,CSB,United States Chemical Safety Board,united-states-chemical-safety-board,1648617.8,1.0,1648617.8,1340046.5,357128.44999999995,0.7895747577466896,0.8194193463154408,0.0,0.18058065368455925,0.18058065368455925,297708.48,365100.78,0.2214587152947154,629981.66,0.3130885867155916,0.8619772546248716,5.01370975538816,462302.37083333335,,,,,,,,,,2003880.64,-355262.83999999985,-17.7287425662239,2056376.6046406038,-407758.8046406037,-19.828994539250186,-0.23417964518044032,39.089656592214034,-72.6521744610898,False,False,False,False
2025,685,FLRA,Federal Labor Relations Authority,federal-labor-relations-authority,1616655.84,1.0,1616655.84,1522257.4700000002,147330.2999999998,0.9117564810623884,0.9895386078048188,0.0,0.010461392195181123,0.010461392195181123,17000.0,-37523.59,-0.023210623480628998,945161.07,0.5846396286794102,0.7943881116960553,12.667931322830704,810439.75,,,,,,,,,,1480851.66,135804.18000000017,9.1706808769759,1519645.7552318096,97010.08476819051,6.383730184104151,0.8433769268567787,39.089656592214034,-72.6521744610898,False,False,False,False
2025,1135,OSHRC,Occupational Safety and Health Review Commission,occupational-safety-and-health-review-commission,1556962.33,1.0,1556962.33,1499517.28,57445.05000000005,0.9631044060006255,1.0,0.0,0.0,0.0,0.0,27378.5,0.017584561599508962,1055776.08,0.672002898779902,0.9633284585392378,14.341652026682837,924852.0316666667,,,,,,,,,,1859174.11,-302211.78,-16.255162890580486,1907879.1757564547,-350916.8457564546,-18.393032966425647,-0.17514992406902213,39.089656592214034,-72.6521744610898,False,False,False,False
2025,1125,FMCS,Federal Mediation and Conciliation Service,federal-mediation-and-conciliation-service,1527484.73,1.0,1527484.73,1129655.06,397829.6699999999,0.7395524405667873,0.5306064499905017,0.0,0.4693935500094983,0.4693935500094983,716991.48,730503.61,0.47823955006083757,1564195.16,0.6909575163134086,0.760876749437776,22.35801071978595,1375544.4925,,,,,,,,,,8113545.54,-6586060.8100000005,-81.17364692822073,8326097.321416367,-6798612.591416366,-81.65425323493388,-2.7757015406924936,39.089656592214034,-72.6521744610898,False,False,False,False
2025,1153,FHFA,Federal Housing Finance Agency,,387811.87,1.0,387811.87,387811.87,0.0,1.0,0.0,0.0,1.0,1.0,387811.87,387811.87,1.0,170000.0,0.3877219231910554,1.0,1.2664896486634791,133461.78583333333,,,,,,,,,,733661.38,-345849.51,-47.1402092883777,752881.2182946884,-365069.3482946884,-48.4896341446248,-1.4123654649111863,39.089656592214034,-72.6521744610898,False,False,False,False
2025,1155,UDALL,Morris K. Udall and Stewart L. Udall Foundation,morris-k-udall-and-stewart-l-udall-foundation,311296.71,1.0,311296.71,0.0,496176.63,0.0,0.6439311985041153,0.0,0.35606880149588466,0.35606880149588466,110843.05,14035.21,0.045086277975761445,0.0,0.0,0.317735993701124,0.0,0.0,,,,,,,,,,1939583.56,-1628286.85,-83.95033261676026,1990395.1242971912,-1679098.4142971912,-84.36005463438227,-2.8869320255571753,39.089656592214034,-72.6521744610898,False,False,False,False
2025,805,ABMC,American Battle Monuments Commission,american-battle-monuments-commission,278000.0,1.0,278000.0,78000.0,200000.0,0.2805755395683453,1.0,0.0,0.0,0.0,0.0,0.0,0.0,0.0,0.0,0.0,0.0,0.0,,,,,,,,,,,,,,,,,39.089656592214034,-72.6521744610898,False,False,False,False
2025,1136,ACUS,Administrative Conference of the U.S.,administrative-conference-of-the-us,26500.0,1.0,26500.0,26500.0,0.0,1.0,1.0,0.0,0.0,0.0,0.0,0.0,0.0,0.0,0.0,1.0,0.0,0.0,,,,,,,,,,102420.0,-75920.0,-74.1261472368678,105103.11225287883,-78603.11225287883,-74.78666479805011,-2.4933876976139198,39.089656592214034,-72.6521744610898,False,False,False,False
2025,1127,FMSHRC,Federal Mine Safety and Health Review Commission,federal-mine-safety-and-health-review-commission,-461436.78,1.0,-461436.78,0.0,0.0,,,,,,0.0,0.0,,0.0,,,,,,,,,,,,,,-716409.49,254972.70999999996,,-735177.3779193289,273740.59791932884,,,39.089656592214034,-72.6521744610898,False,False,False,False
2025,882,HUD,Department of Housing and Urban Development,department-of-housing-and-urban-development,-1331998929.39,1.0,-1331998929.39,81407730.22,63817180.94,0.5605631263241738,0.8017522325958976,0.0,0.19824776740410238,0.19824776740410238,37238216.77,117989085.65,,234782525.35,0.2908455236112377,0.527657336023488,4.511429972233215,167512415.07666665,386.5962532468721,0.028949116489583038,unconcentrated,0.6356432331644755,0.10332035499008052,0.30435984576089326,0.5219887467010909,1.0,100.0,1525527557.97,-2857526487.36,-187.3139867209265,1565492034.467692,-2897490963.857692,-185.085002035345,-7.027548088385213,39.089656592214034,-72.6521744610898,False,True,True,True
